-- phpMyAdmin SQL Dump
-- version 4.7.4
-- https://www.phpmyadmin.net/
--
-- Host: 127.0.0.1
-- Generation Time: Oct 15, 2018 at 07:41 AM
-- Server version: 10.1.28-MariaDB
-- PHP Version: 7.1.11

SET SQL_MODE = "NO_AUTO_VALUE_ON_ZERO";
SET AUTOCOMMIT = 0;
START TRANSACTION;
SET time_zone = "+00:00";


/*!40101 SET @OLD_CHARACTER_SET_CLIENT=@@CHARACTER_SET_CLIENT */;
/*!40101 SET @OLD_CHARACTER_SET_RESULTS=@@CHARACTER_SET_RESULTS */;
/*!40101 SET @OLD_COLLATION_CONNECTION=@@COLLATION_CONNECTION */;
/*!40101 SET NAMES utf8mb4 */;

--
-- Database: `pertamina`
--

-- --------------------------------------------------------

--
-- Table structure for table `abo_abi`
--

CREATE TABLE `abo_abi` (
  `type` varchar(255) NOT NULL,
  `pandan` int(11) NOT NULL,
  `pelita` int(11) NOT NULL,
  `paluh_tabuhan` int(11) NOT NULL,
  `pungut` int(11) NOT NULL,
  `pematang` int(11) NOT NULL,
  `mangun_jaya` int(11) NOT NULL,
  `menggala` int(11) NOT NULL,
  `minas` int(11) NOT NULL,
  `melahin` int(11) NOT NULL,
  `merbau` int(11) NOT NULL,
  `mundu` int(11) NOT NULL,
  `musi` int(11) NOT NULL,
  `meditran` int(11) NOT NULL,
  `matindok` int(11) NOT NULL,
  `mauhau` int(11) NOT NULL,
  `merauke` int(11) NOT NULL,
  `kamojang` int(11) NOT NULL,
  `kasim` int(11) NOT NULL,
  `kakap` int(11) NOT NULL,
  `parigi` int(11) NOT NULL,
  `pattimura` int(11) NOT NULL,
  `pasaman` int(11) NOT NULL,
  `panjang` int(11) NOT NULL,
  `tf_man` int(11) NOT NULL
) ENGINE=InnoDB DEFAULT CHARSET=latin1;

-- --------------------------------------------------------

--
-- Table structure for table `detail_kapal`
--

CREATE TABLE `detail_kapal` (
  `cost_element` varchar(255) DEFAULT NULL,
  `actual` float DEFAULT NULL,
  `commitment` float DEFAULT NULL,
  `alloted` float DEFAULT NULL,
  `plan` float DEFAULT NULL,
  `available` float DEFAULT NULL,
  `kapal` varchar(255) DEFAULT NULL,
  `kurs` int(11) NOT NULL
) ENGINE=InnoDB DEFAULT CHARSET=latin1;

--
-- Dumping data for table `detail_kapal`
--

INSERT INTO `detail_kapal` (`cost_element`, `actual`, `commitment`, `alloted`, `plan`, `available`, `kapal`, `kurs`) VALUES
('6001006100  SALARIES AND W', 93901.5, 0, 93901.5, 126934, 33032.4, 'Pandan', 13323),
('6001017110  TAX ALLOWANCE', 26775.7, 0, 26775.7, 51109.2, 24333.5, 'Pandan', 13323),
('6001007100  EMPLOYEE FEIST', 4001.15, 0, 4001.15, 33831, 29829.8, 'Pandan', 13323),
('6001007170  EMPLOYEE ALLOW', 113566, 0, 113566, 157629, 44063.4, 'Pandan', 13323),
('6001007180  COMP CONTR JAM', 666.46, 0, 666.46, 13129.8, 12463.3, 'Pandan', 13323),
('6001007200  COMPANY CONTRI', 3527.96, 0, 3527.96, 2470.32, -1057.64, 'Pandan', 13323),
('6001007210  COMPANY CONTRI', 920.12, 0, 920.12, 2744.88, 1824.76, 'Pandan', 13323),
('6001007110  EMPLOYEE INCEN', 11461.9, 0, 11461.9, 46286.3, 34824.4, 'Pandan', 13323),
('6001007111  EMPLOYEE BONUS', 3904.62, 0, 3904.62, 16931.7, 13027.1, 'Pandan', 13323),
('PAYROLL RELATED', 258725, 0, 258725, 451066, 192341, 'Pandan', 13323),
('6001007250  PRE-RETIRE BEN', 1747.49, 0, 1747.49, 0, -1747.49, 'Pandan', 13323),
('EMPLOYEE BENEFIT', 1747.49, 0, 1747.49, 0, -1747.49, 'Pandan', 13323),
('6001008100  EMPLOYEE TRAVE', 7119.3, 3199.44, 10318.7, 13469.5, 3150.78, 'Pandan', 13323),
('TRAVEL EXPENSES', 7119.3, 3199.44, 10318.7, 13469.5, 3150.78, 'Pandan', 13323),
('MAN POWER RELATED', 267592, 3199.44, 270792, 464536, 193744, 'Pandan', 13323),
('6001011152  F&P CON PROD-O', 228622, 55185.8, 283808, 498079, 214271, 'Pandan', 13323),
('OWN USE PRODUCTIVE', 228622, 55185.8, 283808, 498079, 214271, 'Pandan', 13323),
('OWN USE CONSUMED', 228622, 55185.8, 283808, 498079, 214271, 'Pandan', 13323),
('6001014110  FACILITY MAINT', 14006.1, 6877.21, 20883.3, 24671.6, 3788.31, 'Pandan', 13323),
('MAINTENANCE SERVICES', 14006.1, 6877.21, 20883.3, 24671.6, 3788.31, 'Pandan', 13323),
('6001013120  TRSPRT MATRL &', 6166.26, 11160.3, 17326.6, 18059.6, 733.04, 'Pandan', 13323),
('6001013130  MAC ACCES INST', 146233, 48011.8, 194245, 205500, 11255.2, 'Pandan', 13323),
('MATERIAL SERVICES 1', 152399, 59172.1, 211572, 223560, 11988.2, 'Pandan', 13323),
('MAINTENANCE', 166406, 66049.3, 232455, 248231, 15776.5, 'Pandan', 13323),
('6001011110  WATER EXPENSE', 11150.8, 0, 11150.8, 11492, 341.23, 'Pandan', 13323),
('AUXILARIES', 11150.8, 0, 11150.8, 11492, 341.23, 'Pandan', 13323),
('6001013210  PAINTS, OILS,', 3823.21, 21700.4, 25523.6, 36679.2, 11155.6, 'Pandan', 13323),
('6001013230  HOUSHLD FIRE &', 0, 3842.97, 3842.97, 26732.1, 22889.2, 'Pandan', 13323),
('OTHER MATERIAL', 3823.21, 25543.4, 29366.6, 63411.3, 34044.7, 'Pandan', 13323),
('MATERIAL CONSUMED', 14974, 25543.4, 40517.4, 74903.3, 34386, 'Pandan', 13323),
('6001016120  LOGISTICS EXPE', 1019.74, 0, 1019.74, 2798.49, 1778.75, 'Pandan', 13323),
('LOGISTIC & HANDLING SERVIC', 1019.74, 0, 1019.74, 2798.49, 1778.75, 'Pandan', 13323),
('6001014170  DIVING & MARIN', 50109.2, 36654.7, 86763.9, 135456, 48692.5, 'Pandan', 13323),
('ENGINEERING SERVICES', 50109.2, 36654.7, 86763.9, 135456, 48692.5, 'Pandan', 13323),
('6001010100  COMPUTER RENTA', 0, 0, 0, 25.37, 25.37, 'Pandan', 13323),
('IT & TELECOM SERVICES', 0, 0, 0, 25.37, 25.37, 'Pandan', 13323),
('6001022160  OTHER PROFESSI', 5129.58, 1003.87, 6133.45, 15267.3, 9133.87, 'Pandan', 13323),
('6001022190  SURVEYOR EXPEN', 3541.01, 0, 3541.01, 6739.2, 3198.19, 'Pandan', 13323),
('6001020100  CERTIFICATE', 6465.1, 5899.05, 12364.2, 19612.4, 7248.25, 'Pandan', 13323),
('PROFESSIONAL SERVICES', 15135.7, 6902.92, 22038.6, 41618.9, 19580.3, 'Pandan', 13323),
('6001022240  FOOD&CATERING', 53642, 23021.7, 76663.8, 89565.9, 12902.1, 'Pandan', 13323),
('GENERAL SERVICES', 53642, 23021.7, 76663.8, 89565.9, 12902.1, 'Pandan', 13323),
('SERVICES', 119907, 66579.3, 186486, 269465, 82979.1, 'Pandan', 13323),
('6001090100  CHARGES OF POR', 13146.9, 3616.32, 16763.2, 72349.7, 55586.4, 'Pandan', 13323),
('PENALTY,FINES,CLAIM,CHARGE', 13146.9, 3616.32, 16763.2, 72349.7, 55586.4, 'Pandan', 13323),
('FINANCIAL EXPENSES', 13146.9, 3616.32, 16763.2, 72349.7, 55586.4, 'Pandan', 13323),
('6001019250  INSUR PREM MRN', 23206, 0, 23206, 41662.4, 18456.4, 'Pandan', 13323),
('PREMIUM', 23206, 0, 23206, 41662.4, 18456.4, 'Pandan', 13323),
('INSURANCE EXPENSES', 23206, 0, 23206, 41662.4, 18456.4, 'Pandan', 13323),
('6002002200  DEPRE-VESSEL-D', 63704.9, 0, 63704.9, 103521, 39815.6, 'Pandan', 13323),
('DEPRECIATION, DEPLETION &', 63704.9, 0, 63704.9, 103521, 39815.6, 'Pandan', 13323),
('Over/Underabsorption', 897558, 220174, 1117730, 1772750, 655015, 'Pandan', 13323),
('6001006100  SALARIES AND W', 122792, 0, 122792, 161459, 38667.3, 'Pelita', 13323),
('6001017110  TAX ALLOWANCE', 33561.9, 0, 33561.9, 53433.4, 19871.6, 'Pelita', 13323),
('6001007100  EMPLOYEE FEIST', 2865.06, 0, 2865.06, 42192.4, 39327.4, 'Pelita', 13323),
('6001007170  EMPLOYEE ALLOW', 128786, 0, 128786, 224400, 95613.9, 'Pelita', 13323),
('6001007180  COMP CONTR JAM', 854, 0, 854, 18276.8, 17422.8, 'Pelita', 13323),
('6001007200  COMPANY CONTRI', 4209.22, 0, 4209.22, 1881.36, -2327.86, 'Pelita', 13323),
('6001007210  COMPANY CONTRI', 772.79, 0, 772.79, 2090.4, 1317.61, 'Pelita', 13323),
('6001007110  EMPLOYEE INCEN', 16357, 0, 16357, 35780.1, 19423.1, 'Pelita', 13323),
('6001007111  EMPLOYEE BONUS', 7515.62, 0, 7515.62, 12870.5, 5354.86, 'Pelita', 13323),
('PAYROLL RELATED', 317713, 0, 317713, 552384, 234671, 'Pelita', 13323),
('6001007250  PRE-RETIRE BEN', 2351.71, 0, 2351.71, 0, -2351.71, 'Pelita', 13323),
('EMPLOYEE BENEFIT', 2351.71, 0, 2351.71, 0, -2351.71, 'Pelita', 13323),
('6001007220  ACTIVE EMPLOYE', 6.96, 0, 6.96, 0, -6.96, 'Pelita', 13323),
('MEDICAL EXPENSES', 6.96, 0, 6.96, 0, -6.96, 'Pelita', 13323),
('6001008100  EMPLOYEE TRAVE', 7016.75, 2234.15, 9250.9, 14170.6, 4919.74, 'Pelita', 13323),
('TRAVEL EXPENSES', 7016.75, 2234.15, 9250.9, 14170.6, 4919.74, 'Pelita', 13323),
('MAN POWER RELATED', 327089, 2234.15, 329323, 566554, 237232, 'Pelita', 13323),
('6001011152  F&P CON PROD-O', 321036, 230870, 551906, 881392, 329486, 'Pelita', 13323),
('OWN USE PRODUCTIVE', 321036, 230870, 551906, 881392, 329486, 'Pelita', 13323),
('OWN USE CONSUMED', 321036, 230870, 551906, 881392, 329486, 'Pelita', 13323),
('6001014110  FACILITY MAINT', 14857.3, 7758.94, 22616.2, 22880.6, 264.41, 'Pelita', 13323),
('MAINTENANCE SERVICES', 14857.3, 7758.94, 22616.2, 22880.6, 264.41, 'Pelita', 13323),
('6001013120  TRSPRT MATRL &', 2597.34, 3594.71, 6192.05, 8059.6, 1867.55, 'Pelita', 13323),
('6001013130  MAC ACCES INST', 147151, 124896, 272047, 281662, 9615.47, 'Pelita', 13323),
('MATERIAL SERVICES 1', 149748, 128491, 278239, 289722, 11483, 'Pelita', 13323),
('MAINTENANCE', 164605, 136250, 300855, 312603, 11747.4, 'Pelita', 13323),
('6001011110  WATER EXPENSE', 0, 0, 0, 22316.8, 22316.8, 'Pelita', 13323),
('AUXILARIES', 0, 0, 0, 22316.8, 22316.8, 'Pelita', 13323),
('6001013210  PAINTS, OILS,', 61271.3, 29226.4, 90497.7, 91663.6, 1165.86, 'Pelita', 13323),
('6001013230  HOUSHLD FIRE &', 0, 3842.97, 3842.97, 12277.1, 8434.15, 'Pelita', 13323),
('OTHER MATERIAL', 61271.3, 33069.4, 94340.7, 103941, 9600.01, 'Pelita', 13323),
('MATERIAL CONSUMED', 61271.3, 33069.4, 94340.7, 126258, 31916.8, 'Pelita', 13323),
('6001016120  LOGISTICS EXPE', 1300.4, 0, 1300.4, 5597.01, 4296.61, 'Pelita', 13323),
('LOGISTIC & HANDLING SERVIC', 1300.4, 0, 1300.4, 5597.01, 4296.61, 'Pelita', 13323),
('6001014170  DIVING & MARIN', 34276.6, 41403.7, 75680.3, 109424, 33744.1, 'Pelita', 13323),
('ENGINEERING SERVICES', 34276.6, 41403.7, 75680.3, 109424, 33744.1, 'Pelita', 13323),
('6001010100  COMPUTER RENTA', 0, 0, 0, 25.37, 25.37, 'Pelita', 13323),
('IT & TELECOM SERVICES', 0, 0, 0, 25.37, 25.37, 'Pelita', 13323),
('6001022160  OTHER PROFESSI', 9772.1, 7571.29, 17343.4, 25267.3, 7923.93, 'Pelita', 13323),
('6001022190  SURVEYOR EXPEN', 1512.49, 0, 1512.49, 6440, 4927.51, 'Pelita', 13323),
('6001020100  CERTIFICATE', 3799.93, 2679.1, 6479.03, 9903.2, 3424.17, 'Pelita', 13323),
('PROFESSIONAL SERVICES', 15084.5, 10250.4, 25334.9, 41610.5, 16275.6, 'Pelita', 13323),
('6001022240  FOOD&CATERING', 87422.3, 20763.3, 108186, 119076, 10890.6, 'Pelita', 13323),
('GENERAL SERVICES', 87422.3, 20763.3, 108186, 119076, 10890.6, 'Pelita', 13323),
('SERVICES', 138084, 72417.4, 210501, 275733, 65232.2, 'Pelita', 13323),
('6001090100  CHARGES OF POR', 17806.3, 72.82, 17879.1, 81642.1, 63763, 'Pelita', 13323),
('PENALTY,FINES,CLAIM,CHARGE', 17806.3, 72.82, 17879.1, 81642.1, 63763, 'Pelita', 13323),
('FINANCIAL EXPENSES', 17806.3, 72.82, 17879.1, 81642.1, 63763, 'Pelita', 13323),
('6001019250  INSUR PREM MRN', 114451, 15204.5, 129656, 173791, 44135.6, 'Pelita', 13323),
('PREMIUM', 114451, 15204.5, 129656, 173791, 44135.6, 'Pelita', 13323),
('INSURANCE EXPENSES', 114451, 15204.5, 129656, 173791, 44135.6, 'Pelita', 13323),
('6002002200  DEPRE-VESSEL-D', 209261, 0, 209261, 399299, 190037, 'Pelita', 13323),
('6002006210  DEPRECIATION P', 78473, 0, 78473, 0, -78473, 'Pelita', 13323),
('DEPRECIATION, DEPLETION &', 287734, 0, 287734, 399299, 111564, 'Pelita', 13323),
('Over/Underabsorption', 1432080, 490118, 1922200, 2817270, 895077, 'Pelita', 13323),
('6001006100  SALARIES AND W', 110664, 0, 110664, 209140, 98475.2, 'Paluh Tabuhan', 13323),
('6001017110  TAX ALLOWANCE', 26247.9, 0, 26247.9, 67777.9, 41529.9, 'Paluh Tabuhan', 13323),
('6001007100  EMPLOYEE FEIST', 6473.5, 0, 6473.5, 53564.6, 47091.1, 'Paluh Tabuhan', 13323),
('6001007170  EMPLOYEE ALLOW', 125015, 0, 125015, 282504, 157489, 'Paluh Tabuhan', 13323),
('6001007180  COMP CONTR JAM', 796.7, 0, 796.7, 23575.2, 22778.5, 'Paluh Tabuhan', 13323),
('6001007200  COMPANY CONTRI', 4427.4, 0, 4427.4, 1420.44, -3006.96, 'Paluh Tabuhan', 13323),
('6001007210  COMPANY CONTRI', 1318.2, 0, 1318.2, 1578.24, 260.04, 'Paluh Tabuhan', 13323),
('6001007110  EMPLOYEE INCEN', 1984.21, 0, 1984.21, 25528.4, 23544.2, 'Paluh Tabuhan', 13323),
('6001007111  EMPLOYEE BONUS', -2663.26, 0, -2663.26, 9976.48, 12639.7, 'Paluh Tabuhan', 13323),
('PAYROLL RELATED', 274264, 0, 274264, 675065, 400801, 'Paluh Tabuhan', 13323),
('6001007250  PRE-RETIRE BEN', 2086.33, 0, 2086.33, 0, -2086.33, 'Paluh Tabuhan', 13323),
('EMPLOYEE BENEFIT', 2086.33, 0, 2086.33, 0, -2086.33, 'Paluh Tabuhan', 13323),
('6001007220  ACTIVE EMPLOYE', 440.27, 0, 440.27, 0, -440.27, 'Paluh Tabuhan', 13323),
('MEDICAL EXPENSES', 440.27, 0, 440.27, 0, -440.27, 'Paluh Tabuhan', 13323),
('6001008100  EMPLOYEE TRAVE', 7669.52, 2029.18, 9698.7, 13469.5, 3770.82, 'Paluh Tabuhan', 13323),
('TRAVEL EXPENSES', 7669.52, 2029.18, 9698.7, 13469.5, 3770.82, 'Paluh Tabuhan', 13323),
('MAN POWER RELATED', 284460, 2029.18, 286490, 688535, 402045, 'Paluh Tabuhan', 13323),
('6001011152  F&P CON PROD-O', 455933, 107019, 562952, 881392, 318439, 'Paluh Tabuhan', 13323),
('OWN USE PRODUCTIVE', 455933, 107019, 562952, 881392, 318439, 'Paluh Tabuhan', 13323),
('OWN USE CONSUMED', 455933, 107019, 562952, 881392, 318439, 'Paluh Tabuhan', 13323),
('6001014110  FACILITY MAINT', 14831.8, 7766.74, 22598.5, 34880.6, 12282.1, 'Paluh Tabuhan', 13323),
('MAINTENANCE SERVICES', 14831.8, 7766.74, 22598.5, 34880.6, 12282.1, 'Paluh Tabuhan', 13323),
('6001013120  TRSPRT MATRL &', 4041.55, 7503, 11544.5, 36059.6, 24515.1, 'Paluh Tabuhan', 13323),
('6001013130  MAC ACCES INST', 196831, 60223.7, 257054, 279292, 22237.5, 'Paluh Tabuhan', 13323),
('MATERIAL SERVICES 1', 200872, 67726.7, 268599, 315352, 46752.6, 'Paluh Tabuhan', 13323),
('MAINTENANCE', 215704, 75493.5, 291198, 350232, 59034.7, 'Paluh Tabuhan', 13323),
('6001011110  WATER EXPENSE', 8837.99, 0, 8837.99, 20316.8, 11478.8, 'Paluh Tabuhan', 13323),
('AUXILARIES', 8837.99, 0, 8837.99, 20316.8, 11478.8, 'Paluh Tabuhan', 13323),
('6001013210  PAINTS, OILS,', 70311.9, 26140.4, 96452.2, 98163.6, 1711.35, 'Paluh Tabuhan', 13323),
('6001013230  HOUSHLD FIRE &', 11219.3, 1592.03, 12811.3, 22277.1, 9465.82, 'Paluh Tabuhan', 13323),
('OTHER MATERIAL', 81531.1, 27732.4, 109264, 120441, 11177.2, 'Paluh Tabuhan', 13323),
('MATERIAL CONSUMED', 90369.1, 27732.4, 118102, 140758, 22656, 'Paluh Tabuhan', 13323),
('6001016120  LOGISTICS EXPE', 2325.78, 0, 2325.78, 5597.01, 3271.23, 'Paluh Tabuhan', 13323),
('LOGISTIC & HANDLING SERVIC', 2325.78, 0, 2325.78, 5597.01, 3271.23, 'Paluh Tabuhan', 13323),
('6001014170  DIVING & MARIN', 111481, 119647, 231128, 274900, 43771.5, 'Paluh Tabuhan', 13323),
('ENGINEERING SERVICES', 111481, 119647, 231128, 274900, 43771.5, 'Paluh Tabuhan', 13323),
('6001010100  COMPUTER RENTA', 0, 0, 0, 25.37, 25.37, 'Paluh Tabuhan', 13323),
('IT & TELECOM SERVICES', 0, 0, 0, 25.37, 25.37, 'Paluh Tabuhan', 13323),
('6001022160  OTHER PROFESSI', 8890.82, 8030.98, 16921.8, 25267.3, 8345.52, 'Paluh Tabuhan', 13323),
('6001022190  SURVEYOR EXPEN', 1356.27, 5142.26, 6498.53, 18664.4, 12165.9, 'Paluh Tabuhan', 13323),
('6001020100  CERTIFICATE', 3882.82, 810.14, 4692.96, 5283.2, 590.24, 'Paluh Tabuhan', 13323),
('PROFESSIONAL SERVICES', 14129.9, 13983.4, 28113.3, 49214.9, 21101.6, 'Paluh Tabuhan', 13323),
('6001022240  FOOD&CATERING', 87517.3, 21297.9, 108815, 119076, 10260.8, 'Paluh Tabuhan', 13323),
('GENERAL SERVICES', 87517.3, 21297.9, 108815, 119076, 10260.8, 'Paluh Tabuhan', 13323),
('SERVICES', 215454, 154928, 370382, 448813, 78430.6, 'Paluh Tabuhan', 13323),
('6001090100  CHARGES OF POR', 22835.4, 936.71, 23772.1, 95249.2, 71477.1, 'Paluh Tabuhan', 13323),
('PENALTY,FINES,CLAIM,CHARGE', 22835.4, 936.71, 23772.1, 95249.2, 71477.1, 'Paluh Tabuhan', 13323),
('FINANCIAL EXPENSES', 22835.4, 936.71, 23772.1, 95249.2, 71477.1, 'Paluh Tabuhan', 13323),
('6001019250  INSUR PREM MRN', 93527.1, 0, 93527.1, 161351, 67823.5, 'Paluh Tabuhan', 13323),
('PREMIUM', 93527.1, 0, 93527.1, 161351, 67823.5, 'Paluh Tabuhan', 13323),
('INSURANCE EXPENSES', 93527.1, 0, 93527.1, 161351, 67823.5, 'Paluh Tabuhan', 13323),
('6002002200  DEPRE-VESSEL-D', 122623, 0, 122623, 556830, 434208, 'Paluh Tabuhan', 13323),
('6002006210  DEPRECIATION P', 100438, 0, 100438, 0, -100438, 'Paluh Tabuhan', 13323),
('DEPRECIATION, DEPLETION &', 223060, 0, 223060, 556830, 333770, 'Paluh Tabuhan', 13323),
('Over/Underabsorption', 1601340, 368139, 1969480, 3323160, 1353680, 'Paluh Tabuhan', 13323),
('6001006100  SALARIES AND W', 115855, 0, 115855, 187315, 71460.1, 'Pungut', 13323),
('6001017110  TAX ALLOWANCE', 21316.8, 0, 21316.8, 55877.4, 34560.6, 'Pungut', 13323),
('6001007100  EMPLOYEE FEIST', 5711.72, 0, 5711.72, 48002.6, 42290.9, 'Pungut', 13323),
('6001007170  EMPLOYEE ALLOW', 125333, 0, 125333, 254511, 129177, 'Pungut', 13323),
('6001007180  COMP CONTR JAM', 843.55, 0, 843.55, 21368.9, 20525.3, 'Pungut', 13323),
('6001007200  COMPANY CONTRI', 4402.14, 0, 4402.14, 1170.36, -3231.78, 'Pungut', 13323),
('6001007210  COMPANY CONTRI', 1080.7, 0, 1080.7, 1300.44, 219.74, 'Pungut', 13323),
('6001007110  EMPLOYEE INCEN', -5537.05, 0, -5537.05, 22086.1, 27623.1, 'Pungut', 13323),
('6001007111  EMPLOYEE BONUS', -7078.05, 0, -7078.05, 7910.95, 14989, 'Pungut', 13323),
('PAYROLL RELATED', 261928, 0, 261928, 599543, 337614, 'Pungut', 13323),
('6001007250  PRE-RETIRE BEN', 2002.97, 0, 2002.97, 0, -2002.97, 'Pungut', 13323),
('EMPLOYEE BENEFIT', 2002.97, 0, 2002.97, 0, -2002.97, 'Pungut', 13323),
('6001007220  ACTIVE EMPLOYE', 2557.08, 0, 2557.08, 0, -2557.08, 'Pungut', 13323),
('MEDICAL EXPENSES', 2557.08, 0, 2557.08, 0, -2557.08, 'Pungut', 13323),
('6001008100  EMPLOYEE TRAVE', 8163.88, 1811.27, 9975.15, 13024.6, 3049.49, 'Pungut', 13323),
('TRAVEL EXPENSES', 8163.88, 1811.27, 9975.15, 13024.6, 3049.49, 'Pungut', 13323),
('MAN POWER RELATED', 274652, 1811.27, 276464, 612567, 336104, 'Pungut', 13323),
('6001011152  F&P CON PROD-O', 341860, 173708, 515568, 881392, 365824, 'Pungut', 13323),
('OWN USE PRODUCTIVE', 341860, 173708, 515568, 881392, 365824, 'Pungut', 13323),
('OWN USE CONSUMED', 341860, 173708, 515568, 881392, 365824, 'Pungut', 13323),
('6001014110  FACILITY MAINT', 14943.6, 7703.82, 22647.4, 22880.6, 233.19, 'Pungut', 13323),
('MAINTENANCE SERVICES', 14943.6, 7703.82, 22647.4, 22880.6, 233.19, 'Pungut', 13323),
('6001013120  TRSPRT MATRL &', 1203.56, 4806.08, 6009.64, 8059.6, 2049.96, 'Pungut', 13323),
('6001013130  MAC ACCES INST', 59323, 20802.2, 80125.2, 96116, 15990.8, 'Pungut', 13323),
('MATERIAL SERVICES 1', 60526.6, 25608.2, 86134.9, 104176, 18040.8, 'Pungut', 13323),
('MAINTENANCE', 75470.2, 33312.1, 108782, 127056, 18274, 'Pungut', 13323),
('6001011110  WATER EXPENSE', 2035.64, 4432.8, 6468.44, 26316.8, 19848.4, 'Pungut', 13323),
('AUXILARIES', 2035.64, 4432.8, 6468.44, 26316.8, 19848.4, 'Pungut', 13323),
('6001013210  PAINTS, OILS,', 56534.1, 17438, 73972.1, 85663.6, 11691.5, 'Pungut', 13323),
('6001013230  HOUSHLD FIRE &', 0, 5435, 5435, 12277.1, 6842.12, 'Pungut', 13323),
('OTHER MATERIAL', 56534.1, 22873, 79407.1, 97940.7, 18533.7, 'Pungut', 13323),
('MATERIAL CONSUMED', 58569.7, 27305.8, 85875.5, 124258, 38382, 'Pungut', 13323),
('6001016120  LOGISTICS EXPE', 1358.52, 0, 1358.52, 5597.01, 4238.49, 'Pungut', 13323),
('LOGISTIC & HANDLING SERVIC', 1358.52, 0, 1358.52, 5597.01, 4238.49, 'Pungut', 13323),
('6001014170  DIVING & MARIN', 112904, 74467, 187371, 198074, 10703, 'Pungut', 13323),
('ENGINEERING SERVICES', 112904, 74467, 187371, 198074, 10703, 'Pungut', 13323),
('6001010100  COMPUTER RENTA', 0, 0, 0, 25.37, 25.37, 'Pungut', 13323),
('IT & TELECOM SERVICES', 0, 0, 0, 25.37, 25.37, 'Pungut', 13323),
('6001022160  OTHER PROFESSI', 3597.54, 12426.3, 16023.8, 25267.3, 9243.52, 'Pungut', 13323),
('6001022190  SURVEYOR EXPEN', 16643.9, 0, 16643.9, 28425.6, 11781.7, 'Pungut', 13323),
('6001020100  CERTIFICATE', 4710.96, 801.48, 5512.44, 7276.4, 1763.96, 'Pungut', 13323),
('PROFESSIONAL SERVICES', 24952.4, 13227.7, 38180.1, 60969.3, 22789.2, 'Pungut', 13323),
('6001022240  FOOD&CATERING', 75779.9, 32872.4, 108652, 119076, 10423.8, 'Pungut', 13323),
('GENERAL SERVICES', 75779.9, 32872.4, 108652, 119076, 10423.8, 'Pungut', 13323),
('SERVICES', 214995, 120567, 335562, 383742, 48179.9, 'Pungut', 13323),
('6001090100  CHARGES OF POR', 14923.2, 1166.4, 16089.6, 95249.2, 79159.5, 'Pungut', 13323),
('PENALTY,FINES,CLAIM,CHARGE', 14923.2, 1166.4, 16089.6, 95249.2, 79159.5, 'Pungut', 13323),
('FINANCIAL EXPENSES', 14923.2, 1166.4, 16089.6, 95249.2, 79159.5, 'Pungut', 13323),
('6001019250  INSUR PREM MRN', 108954, 0, 108954, 181264, 72310.2, 'Pungut', 13323),
('PREMIUM', 108954, 0, 108954, 181264, 72310.2, 'Pungut', 13323),
('INSURANCE EXPENSES', 108954, 0, 108954, 181264, 72310.2, 'Pungut', 13323),
('6002002200  DEPRE-VESSEL-D', 174729, 0, 174729, 731774, 557045, 'Pungut', 13323),
('6002006210  DEPRECIATION P', 21841.2, 0, 21841.2, 0, -21841.2, 'Pungut', 13323),
('DEPRECIATION, DEPLETION &', 196570, 0, 196570, 731774, 535204, 'Pungut', 13323),
('Over/Underabsorption', 1286000, 357870, 1643870, 3137300, 1493440, 'Pungut', 13323),
('6001006100  SALARIES AND W', 123572, 0, 123572, 184282, 60709.4, 'Pematang', 13323),
('6001017110  TAX ALLOWANCE', 46541, 0, 46541, 48274.4, 1733.45, 'Pematang', 13323),
('6001007100  EMPLOYEE FEIST', 2300.16, 0, 2300.16, 47506, 45205.9, 'Pematang', 13323),
('6001007170  EMPLOYEE ALLOW', 128291, 0, 128291, 252529, 124239, 'Pematang', 13323),
('6001007180  COMP CONTR JAM', 877.35, 0, 877.35, 21600.7, 20723.4, 'Pematang', 13323),
('6001007200  COMPANY CONTRI', 5100.18, 0, 5100.18, 941.76, -4158.42, 'Pematang', 13323),
('6001007210  COMPANY CONTRI', 1613.45, 0, 1613.45, 1046.4, -567.05, 'Pematang', 13323),
('6001007110  EMPLOYEE INCEN', 25208.4, 0, 25208.4, 16608.1, -8600.25, 'Pematang', 13323),
('6001007111  EMPLOYEE BONUS', 9837.75, 0, 9837.75, 6993.98, -2843.77, 'Pematang', 13323),
('PAYROLL RELATED', 343341, 0, 343341, 579782, 236441, 'Pematang', 13323),
('6001007250  PRE-RETIRE BEN', 3650.48, 0, 3650.48, 0, -3650.48, 'Pematang', 13323),
('EMPLOYEE BENEFIT', 3650.48, 0, 3650.48, 0, -3650.48, 'Pematang', 13323),
('6001007220  ACTIVE EMPLOYE', 4551.68, 0, 4551.68, 0, -4551.68, 'Pematang', 13323),
('MEDICAL EXPENSES', 4551.68, 0, 4551.68, 0, -4551.68, 'Pematang', 13323),
('6001008100  EMPLOYEE TRAVE', 4341.6, 1591.83, 5933.43, 10424.6, 4491.21, 'Pematang', 13323),
('TRAVEL EXPENSES', 4341.6, 1591.83, 5933.43, 10424.6, 4491.21, 'Pematang', 13323),
('MAN POWER RELATED', 355885, 1591.83, 357477, 590207, 232730, 'Pematang', 13323),
('6001011152  F&P CON PROD-O', 172091, 211388, 383479, 1036350, 652871, 'Pematang', 13323),
('OWN USE PRODUCTIVE', 172091, 211388, 383479, 1036350, 652871, 'Pematang', 13323),
('OWN USE CONSUMED', 172091, 211388, 383479, 1036350, 652871, 'Pematang', 13323),
('6001014110  FACILITY MAINT', 14931.7, 7695.76, 22627.5, 22880.6, 253.14, 'Pematang', 13323),
('MAINTENANCE SERVICES', 14931.7, 7695.76, 22627.5, 22880.6, 253.14, 'Pematang', 13323),
('6001013120  TRSPRT MATRL &', 1313.53, 6096.33, 7409.86, 16059.6, 8649.74, 'Pematang', 13323),
('6001013130  MAC ACCES INST', 39772.7, 217502, 257274, 277776, 20501.4, 'Pematang', 13323),
('MATERIAL SERVICES 1', 41086.2, 223598, 264684, 293835, 29151.1, 'Pematang', 13323),
('MAINTENANCE', 56017.9, 231294, 287312, 316716, 29404.3, 'Pematang', 13323),
('6001011110  WATER EXPENSE', 0, 0, 0, 30316.8, 30316.8, 'Pematang', 13323),
('AUXILARIES', 0, 0, 0, 30316.8, 30316.8, 'Pematang', 13323),
('6001013210  PAINTS, OILS,', 37895.7, 24555.5, 62451.1, 119664, 57212.5, 'Pematang', 13323),
('6001013230  HOUSHLD FIRE &', 0, 5435, 5435, 12277.1, 6842.12, 'Pematang', 13323),
('OTHER MATERIAL', 37895.7, 29990.5, 67886.1, 131941, 64054.6, 'Pematang', 13323),
('MATERIAL CONSUMED', 37895.7, 29990.5, 67886.1, 162258, 94371.4, 'Pematang', 13323),
('6001016120  LOGISTICS EXPE', 1246.55, 0, 1246.55, 5597.01, 4350.46, 'Pematang', 13323),
('LOGISTIC & HANDLING SERVIC', 1246.55, 0, 1246.55, 5597.01, 4350.46, 'Pematang', 13323),
('6001014170  DIVING & MARIN', 36533.9, 26421.5, 62955.4, 91323.2, 28367.8, 'Pematang', 13323),
('ENGINEERING SERVICES', 36533.9, 26421.5, 62955.4, 91323.2, 28367.8, 'Pematang', 13323),
('6001010100  COMPUTER RENTA', 0, 0, 0, 25.37, 25.37, 'Pematang', 13323),
('IT & TELECOM SERVICES', 0, 0, 0, 25.37, 25.37, 'Pematang', 13323),
('6001022160  OTHER PROFESSI', 145.85, 14159.3, 14305.2, 25267.3, 10962.2, 'Pematang', 13323),
('6001022190  SURVEYOR EXPEN', 0, 3940.96, 3940.96, 9771.6, 5830.64, 'Pematang', 13323),
('6001020100  CERTIFICATE', 486.42, 1114.93, 1601.35, 3283.2, 1681.85, 'Pematang', 13323),
('PROFESSIONAL SERVICES', 632.27, 19215.2, 19847.5, 38322.1, 18474.7, 'Pematang', 13323),
('6001022240  FOOD&CATERING', 75676, 25531, 101207, 119076, 17869.1, 'Pematang', 13323),
('GENERAL SERVICES', 75676, 25531, 101207, 119076, 17869.1, 'Pematang', 13323),
('SERVICES', 114089, 71167.7, 185256, 254344, 69087.4, 'Pematang', 13323),
('6001090100  CHARGES OF POR', 26748.2, 905.35, 27653.6, 95249.2, 67595.6, 'Pematang', 13323),
('PENALTY,FINES,CLAIM,CHARGE', 26748.2, 905.35, 27653.6, 95249.2, 67595.6, 'Pematang', 13323),
('FINANCIAL EXPENSES', 26748.2, 905.35, 27653.6, 95249.2, 67595.6, 'Pematang', 13323),
('6001019250  INSUR PREM MRN', 102439, 0, 102439, 172822, 70382.4, 'Pematang', 13323),
('PREMIUM', 102439, 0, 102439, 172822, 70382.4, 'Pematang', 13323),
('INSURANCE EXPENSES', 102439, 0, 102439, 172822, 70382.4, 'Pematang', 13323),
('6002002200  DEPRE-VESSEL-D', 101811, 0, 101811, 475756, 373945, 'Pematang', 13323),
('6002006210  DEPRECIATION P', 12726.4, 0, 12726.4, 0, -12726.4, 'Pematang', 13323),
('DEPRECIATION, DEPLETION &', 114538, 0, 114538, 475756, 361219, 'Pematang', 13323),
('Over/Underabsorption', 979704, 546337, 1526040, 3103700, 1577660, 'Pematang', 13323),
('6001006100  SALARIES AND W', 83102.1, 0, 83102.1, 114848, 31745.9, 'Mangun Jaya', 13323),
('6001017110  TAX ALLOWANCE', 18592.5, 0, 18592.5, 32819.9, 14227.4, 'Mangun Jaya', 13323),
('6001007100  EMPLOYEE FEIST', 438.77, 0, 438.77, 30833.1, 30394.3, 'Mangun Jaya', 13323),
('6001007170  EMPLOYEE ALLOW', 97098.7, 0, 97098.7, 173106, 76006.8, 'Mangun Jaya', 13323),
('6001007180  COMP CONTR JAM', 590.28, 0, 590.28, 13468.4, 12878.2, 'Mangun Jaya', 13323),
('6001007200  COMPANY CONTRI', 2912.28, 0, 2912.28, 884.88, -2027.4, 'Mangun Jaya', 13323),
('6001007210  COMPANY CONTRI', 494.87, 0, 494.87, 983.16, 488.29, 'Mangun Jaya', 13323),
('6001007110  EMPLOYEE INCEN', 11909.4, 0, 11909.4, 16583.9, 4674.44, 'Mangun Jaya', 13323),
('6001007111  EMPLOYEE BONUS', 5480.53, 0, 5480.53, 6556.15, 1075.62, 'Mangun Jaya', 13323),
('PAYROLL RELATED', 220619, 0, 220619, 390083, 169464, 'Mangun Jaya', 13323),
('6001007250  PRE-RETIRE BEN', 1446.29, 0, 1446.29, 0, -1446.29, 'Mangun Jaya', 13323),
('EMPLOYEE BENEFIT', 1446.29, 0, 1446.29, 0, -1446.29, 'Mangun Jaya', 13323),
('6001007220  ACTIVE EMPLOYE', 16.66, 0, 16.66, 0, -16.66, 'Mangun Jaya', 13323),
('MEDICAL EXPENSES', 16.66, 0, 16.66, 0, -16.66, 'Mangun Jaya', 13323),
('6001008100  EMPLOYEE TRAVE', 6458.25, 1914.16, 8372.41, 12224.6, 3852.23, 'Mangun Jaya', 13323),
('TRAVEL EXPENSES', 6458.25, 1914.16, 8372.41, 12224.6, 3852.23, 'Mangun Jaya', 13323),
('MAN POWER RELATED', 228541, 1914.16, 230455, 402308, 171853, 'Mangun Jaya', 13323),
('6001011152  F&P CON PROD-O', 181706, 48654.7, 230360, 498079, 267718, 'Mangun Jaya', 13323),
('OWN USE PRODUCTIVE', 181706, 48654.7, 230360, 498079, 267718, 'Mangun Jaya', 13323),
('OWN USE CONSUMED', 181706, 48654.7, 230360, 498079, 267718, 'Mangun Jaya', 13323),
('6001014110  FACILITY MAINT', 15041.4, 6571.39, 21612.8, 28482.4, 6869.67, 'Mangun Jaya', 13323),
('MAINTENANCE SERVICES', 15041.4, 6571.39, 21612.8, 28482.4, 6869.67, 'Mangun Jaya', 13323),
('6001013120  TRSPRT MATRL &', 2555.84, 10756.9, 13312.7, 16059.6, 2746.89, 'Mangun Jaya', 13323),
('6001013130  MAC ACCES INST', 52091.1, 73342.8, 125434, 179426, 53991.7, 'Mangun Jaya', 13323),
('MATERIAL SERVICES 1', 54646.9, 84099.7, 138747, 195485, 56738.6, 'Mangun Jaya', 13323),
('MAINTENANCE', 69688.3, 90671.1, 160359, 223968, 63608.2, 'Mangun Jaya', 13323),
('6001011110  WATER EXPENSE', 1510.11, 3138.74, 4648.85, 17257.2, 12608.3, 'Mangun Jaya', 13323),
('AUXILARIES', 1510.11, 3138.74, 4648.85, 17257.2, 12608.3, 'Mangun Jaya', 13323),
('6001013210  PAINTS, OILS,', 23068.7, 8279.85, 31348.6, 61114.4, 29765.8, 'Mangun Jaya', 13323),
('6001013230  HOUSHLD FIRE &', 0, 5435, 5435, 26732.1, 21297.1, 'Mangun Jaya', 13323),
('OTHER MATERIAL', 23068.7, 13714.8, 36783.6, 87846.5, 51062.9, 'Mangun Jaya', 13323),
('MATERIAL CONSUMED', 24578.8, 16853.6, 41432.4, 105104, 63671.3, 'Mangun Jaya', 13323),
('6001016120  LOGISTICS EXPE', 1395.83, 0, 1395.83, 3358.2, 1962.37, 'Mangun Jaya', 13323),
('LOGISTIC & HANDLING SERVIC', 1395.83, 0, 1395.83, 3358.2, 1962.37, 'Mangun Jaya', 13323),
('6001014170  DIVING & MARIN', 82312.2, 0, 82312.2, 109790, 27477.3, 'Mangun Jaya', 13323),
('ENGINEERING SERVICES', 82312.2, 0, 82312.2, 109790, 27477.3, 'Mangun Jaya', 13323),
('6001010100  COMPUTER RENTA', 0, 0, 0, 25.37, 25.37, 'Mangun Jaya', 13323),
('IT & TELECOM SERVICES', 0, 0, 0, 25.37, 25.37, 'Mangun Jaya', 13323),
('6001022160  OTHER PROFESSI', 7389.49, 9227.65, 16617.1, 28074.7, 11457.6, 'Mangun Jaya', 13323),
('6001022190  SURVEYOR EXPEN', 0, 0, 0, 2548.8, 2548.8, 'Mangun Jaya', 13323),
('6001020100  CERTIFICATE', 4914.2, 4462.61, 9376.81, 15060, 5683.19, 'Mangun Jaya', 13323),
('PROFESSIONAL SERVICES', 12303.7, 13690.3, 25993.9, 45683.5, 19689.6, 'Mangun Jaya', 13323),
('6001022240  FOOD&CATERING', 72565.9, 14137.2, 86703, 102682, 15978.5, 'Mangun Jaya', 13323),
('GENERAL SERVICES', 72565.9, 14137.2, 86703, 102682, 15978.5, 'Mangun Jaya', 13323),
('SERVICES', 168578, 27827.4, 196405, 261538, 65133.1, 'Mangun Jaya', 13323),
('6001090100  CHARGES OF POR', 10536.4, 1393.04, 11929.4, 84797.6, 72868.2, 'Mangun Jaya', 13323),
('PENALTY,FINES,CLAIM,CHARGE', 10536.4, 1393.04, 11929.4, 84797.6, 72868.2, 'Mangun Jaya', 13323),
('FINANCIAL EXPENSES', 10536.4, 1393.04, 11929.4, 84797.6, 72868.2, 'Mangun Jaya', 13323),
('6001019250  INSUR PREM MRN', 28629.8, 0, 28629.8, 64398, 35768.2, 'Mangun Jaya', 13323),
('PREMIUM', 28629.8, 0, 28629.8, 64398, 35768.2, 'Mangun Jaya', 13323),
('INSURANCE EXPENSES', 28629.8, 0, 28629.8, 64398, 35768.2, 'Mangun Jaya', 13323),
('6002002100  DEPRE-VESSEL', 8249.25, 0, 8249.25, 13405.1, 5155.83, 'Mangun Jaya', 13323),
('6002002200  DEPRE-VESSEL-D', 122917, 0, 122917, 175011, 52093.7, 'Mangun Jaya', 13323),
('6002006210  DEPRECIATION P', 5267.85, 0, 5267.85, 0, -5267.85, 'Mangun Jaya', 13323),
('DEPRECIATION, DEPLETION &', 136434, 0, 136434, 188416, 51981.7, 'Mangun Jaya', 13323),
('Over/Underabsorption', 848691, 187314, 1036010, 1828610, 792602, 'Mangun Jaya', 13323),
('6001006100  SALARIES AND W', 88721.9, 0, 88721.9, 151992, 63269.9, 'Menggala', 13323),
('6001017110  TAX ALLOWANCE', 29036, 0, 29036, 52771.2, 23735.1, 'Menggala', 13323),
('6001007100  EMPLOYEE FEIST', 7019.45, 0, 7019.45, 39262.5, 32243.1, 'Menggala', 13323),
('6001007170  EMPLOYEE ALLOW', 97058, 0, 97058, 191082, 94023.6, 'Menggala', 13323),
('6001007180  COMP CONTR JAM', 657.89, 0, 657.89, 16625, 15967.2, 'Menggala', 13323),
('6001007200  COMPANY CONTRI', 3634.12, 0, 3634.12, 1739.4, -1894.72, 'Menggala', 13323),
('6001007210  COMPANY CONTRI', 1104.56, 0, 1104.56, 1932.72, 828.16, 'Menggala', 13323),
('6001007110  EMPLOYEE INCEN', 14268.4, 0, 14268.4, 31421, 17152.6, 'Menggala', 13323),
('6001007111  EMPLOYEE BONUS', 3615.5, 0, 3615.5, 12559.7, 8944.19, 'Menggala', 13323),
('PAYROLL RELATED', 245116, 0, 245116, 499385, 254269, 'Menggala', 13323),
('6001007250  PRE-RETIRE BEN', 1414.59, 0, 1414.59, 0, -1414.59, 'Menggala', 13323),
('EMPLOYEE BENEFIT', 1414.59, 0, 1414.59, 0, -1414.59, 'Menggala', 13323),
('6001007220  ACTIVE EMPLOYE', 1681.63, 0, 1681.63, 0, -1681.63, 'Menggala', 13323),
('MEDICAL EXPENSES', 1681.63, 0, 1681.63, 0, -1681.63, 'Menggala', 13323),
('6001008100  EMPLOYEE TRAVE', 10183.5, 3337.85, 13521.4, 16269.5, 2748.15, 'Menggala', 13323),
('TRAVEL EXPENSES', 10183.5, 3337.85, 13521.4, 16269.5, 2748.15, 'Menggala', 13323),
('MAN POWER RELATED', 258396, 3337.85, 261734, 515654, 253921, 'Menggala', 13323),
('6001011152  F&P CON PROD-O', 426196, 26413.2, 452609, 498079, 45469.9, 'Menggala', 13323),
('OWN USE PRODUCTIVE', 426196, 26413.2, 452609, 498079, 45469.9, 'Menggala', 13323),
('OWN USE CONSUMED', 426196, 26413.2, 452609, 498079, 45469.9, 'Menggala', 13323),
('6001014110  FACILITY MAINT', 15955, 5609.79, 21564.8, 25522.4, 3957.66, 'Menggala', 13323),
('MAINTENANCE SERVICES', 15955, 5609.79, 21564.8, 25522.4, 3957.66, 'Menggala', 13323),
('6001013120  TRSPRT MATRL &', 1825.83, 11931.8, 13757.6, 16059.6, 2301.96, 'Menggala', 13323),
('6001013130  MAC ACCES INST', 126214, 67565.4, 193780, 201323, 7543.29, 'Menggala', 13323),
('MATERIAL SERVICES 1', 128040, 79497.2, 207537, 217382, 9845.25, 'Menggala', 13323),
('MAINTENANCE', 143995, 85107, 229102, 242905, 13802.9, 'Menggala', 13323),
('6001011110  WATER EXPENSE', 1070.99, 166.18, 1237.17, 17257.2, 16020, 'Menggala', 13323),
('AUXILARIES', 1070.99, 166.18, 1237.17, 17257.2, 16020, 'Menggala', 13323),
('6001013210  PAINTS, OILS,', 27121.6, 14881.2, 42002.9, 61506.8, 19503.9, 'Menggala', 13323),
('6001013230  HOUSHLD FIRE &', 0, 5435, 5435, 25459.1, 20024.1, 'Menggala', 13323),
('OTHER MATERIAL', 27121.6, 20316.2, 47437.9, 86965.9, 39528.1, 'Menggala', 13323),
('MATERIAL CONSUMED', 28192.6, 20482.4, 48675, 104223, 55548.1, 'Menggala', 13323),
('6001016120  LOGISTICS EXPE', 2537.94, 1801.61, 4339.55, 5358.2, 1018.65, 'Menggala', 13323),
('LOGISTIC & HANDLING SERVIC', 2537.94, 1801.61, 4339.55, 5358.2, 1018.65, 'Menggala', 13323),
('6001014170  DIVING & MARIN', 32490.2, 33468.2, 65958.5, 84487.6, 18529.1, 'Menggala', 13323),
('ENGINEERING SERVICES', 32490.2, 33468.2, 65958.5, 84487.6, 18529.1, 'Menggala', 13323),
('6001010100  COMPUTER RENTA', 0, 0, 0, 25.37, 25.37, 'Menggala', 13323),
('IT & TELECOM SERVICES', 0, 0, 0, 25.37, 25.37, 'Menggala', 13323),
('6001022160  OTHER PROFESSI', 10591.9, 5911.96, 16503.9, 28074.7, 11570.8, 'Menggala', 13323),
('6001022190  SURVEYOR EXPEN', 0, 0, 0, 4059.6, 4059.6, 'Menggala', 13323),
('6001020100  CERTIFICATE', 2939.59, 6414.23, 9353.82, 16730.8, 7376.98, 'Menggala', 13323),
('PROFESSIONAL SERVICES', 13531.5, 12326.2, 25857.7, 48865.1, 23007.4, 'Menggala', 13323),
('6001022240  FOOD&CATERING', 75665.2, 10792.8, 86458, 102682, 16223.5, 'Menggala', 13323),
('GENERAL SERVICES', 75665.2, 10792.8, 86458, 102682, 16223.5, 'Menggala', 13323),
('SERVICES', 124225, 58388.8, 182614, 241418, 58804.1, 'Menggala', 13323),
('6001090100  CHARGES OF POR', 37445.9, 363.59, 37809.4, 66036, 28226.6, 'Menggala', 13323),
('PENALTY,FINES,CLAIM,CHARGE', 37445.9, 363.59, 37809.4, 66036, 28226.6, 'Menggala', 13323),
('FINANCIAL EXPENSES', 37445.9, 363.59, 37809.4, 66036, 28226.6, 'Menggala', 13323),
('6001019250  INSUR PREM MRN', 31675.5, 0, 31675.5, 56121.4, 24445.9, 'Menggala', 13323),
('PREMIUM', 31675.5, 0, 31675.5, 56121.4, 24445.9, 'Menggala', 13323),
('INSURANCE EXPENSES', 31675.5, 0, 31675.5, 56121.4, 24445.9, 'Menggala', 13323),
('6002002100  DEPRE-VESSEL', 8354.44, 0, 8354.44, 13576, 5221.52, 'Menggala', 13323),
('6002002200  DEPRE-VESSEL-D', 95990.3, 0, 95990.3, 155984, 59994, 'Menggala', 13323),
('DEPRECIATION, DEPLETION &', 104345, 0, 104345, 169560, 65215.5, 'Menggala', 13323),
('Over/Underabsorption', 1154470, 194093, 1348560, 1894000, 545434, 'Menggala', 13323),
('6001006100  SALARIES AND W', 102709, 0, 102709, 160883, 58174.4, 'Minas', 13323),
('6001017110  TAX ALLOWANCE', 26526, 0, 26526, 49107.6, 22581.6, 'Minas', 13323),
('6001007100  EMPLOYEE FEIST', 2757.7, 0, 2757.7, 42938.4, 40180.7, 'Minas', 13323),
('6001007170  EMPLOYEE ALLOW', 113652, 0, 113652, 245880, 132228, 'Minas', 13323),
('6001007180  COMP CONTR JAM', 725.12, 0, 725.12, 18770.6, 18045.5, 'Minas', 13323),
('6001007200  COMPANY CONTRI', 3842.25, 0, 3842.25, 1086.6, -2755.65, 'Minas', 13323),
('6001007210  COMPANY CONTRI', 1057.9, 0, 1057.9, 1207.32, 149.42, 'Minas', 13323),
('6001007110  EMPLOYEE INCEN', 6562.41, 0, 6562.41, 21193.3, 14630.8, 'Minas', 13323),
('6001007111  EMPLOYEE BONUS', 460.29, 0, 460.29, 7761.46, 7301.17, 'Minas', 13323),
('PAYROLL RELATED', 258292, 0, 258292, 548828, 290536, 'Minas', 13323),
('6001007250  PRE-RETIRE BEN', 1832.64, 0, 1832.64, 0, -1832.64, 'Minas', 13323),
('EMPLOYEE BENEFIT', 1832.64, 0, 1832.64, 0, -1832.64, 'Minas', 13323),
('6001007220  ACTIVE EMPLOYE', 610.65, 0, 610.65, 0, -610.65, 'Minas', 13323),
('MEDICAL EXPENSES', 610.65, 0, 610.65, 0, -610.65, 'Minas', 13323),
('6001008100  EMPLOYEE TRAVE', 4900.97, 1699.9, 6600.87, 11578.6, 4977.77, 'Minas', 13323),
('TRAVEL EXPENSES', 4900.97, 1699.9, 6600.87, 11578.6, 4977.77, 'Minas', 13323),
('MAN POWER RELATED', 265636, 1699.9, 267336, 560407, 293071, 'Minas', 13323),
('6001011152  F&P CON PROD-O', 243786, 1950.28, 245736, 498079, 252343, 'Minas', 13323),
('OWN USE PRODUCTIVE', 243786, 1950.28, 245736, 498079, 252343, 'Minas', 13323),
('OWN USE CONSUMED', 243786, 1950.28, 245736, 498079, 252343, 'Minas', 13323),
('6001014110  FACILITY MAINT', 14358.1, 7406.65, 21764.8, 29882.4, 8117.66, 'Minas', 13323),
('MAINTENANCE SERVICES', 14358.1, 7406.65, 21764.8, 29882.4, 8117.66, 'Minas', 13323),
('6001013120  TRSPRT MATRL &', 6408.77, 4842.99, 11251.8, 36059.6, 24807.8, 'Minas', 13323),
('6001013130  MAC ACCES INST', 164177, 101207, 265384, 276237, 10853.8, 'Minas', 13323),
('MATERIAL SERVICES 1', 170586, 106050, 276635, 312297, 35661.6, 'Minas', 13323),
('MAINTENANCE', 184944, 113456, 298400, 342179, 43779.3, 'Minas', 13323),
('6001011110  WATER EXPENSE', 7156.09, 2952.22, 10108.3, 17257.2, 7148.89, 'Minas', 13323),
('AUXILARIES', 7156.09, 2952.22, 10108.3, 17257.2, 7148.89, 'Minas', 13323),
('6001013210  PAINTS, OILS,', 21280.1, 8362.82, 29642.9, 44506.8, 14863.9, 'Minas', 13323),
('6001013230  HOUSHLD FIRE &', 0, 5435, 5435, 25459.1, 20024.1, 'Minas', 13323),
('OTHER MATERIAL', 21280.1, 13797.8, 35077.9, 69965.9, 34888, 'Minas', 13323),
('MATERIAL CONSUMED', 28436.2, 16750, 45186.2, 87223.1, 42036.9, 'Minas', 13323),
('6001016120  LOGISTICS EXPE', 887.08, 362.54, 1249.62, 3358.2, 2108.58, 'Minas', 13323),
('LOGISTIC & HANDLING SERVIC', 887.08, 362.54, 1249.62, 3358.2, 2108.58, 'Minas', 13323),
('6001014170  DIVING & MARIN', 54955, 12416.9, 67371.9, 71321.6, 3949.72, 'Minas', 13323),
('ENGINEERING SERVICES', 54955, 12416.9, 67371.9, 71321.6, 3949.72, 'Minas', 13323),
('6001010100  COMPUTER RENTA', 0, 0, 0, 25.37, 25.37, 'Minas', 13323),
('IT & TELECOM SERVICES', 0, 0, 0, 25.37, 25.37, 'Minas', 13323),
('6001022160  OTHER PROFESSI', 5988.68, 9052.36, 15041, 25040.7, 9999.68, 'Minas', 13323),
('6001022190  SURVEYOR EXPEN', 588.1, 3634.78, 4222.88, 9147.6, 4924.72, 'Minas', 13323),
('6001020100  CERTIFICATE', 1022.96, 810.14, 1833.1, 4887.6, 3054.5, 'Minas', 13323),
('PROFESSIONAL SERVICES', 7599.74, 13497.3, 21097, 39075.9, 17978.9, 'Minas', 13323),
('6001022240  FOOD&CATERING', 65082.3, 22300.9, 87383.2, 102682, 15298.3, 'Minas', 13323),
('GENERAL SERVICES', 65082.3, 22300.9, 87383.2, 102682, 15298.3, 'Minas', 13323),
('SERVICES', 128524, 48577.6, 177102, 216463, 39360.9, 'Minas', 13323),
('6001090100  CHARGES OF POR', 17203.8, 1352.98, 18556.7, 84797.6, 66240.9, 'Minas', 13323),
('PENALTY,FINES,CLAIM,CHARGE', 17203.8, 1352.98, 18556.7, 84797.6, 66240.9, 'Minas', 13323),
('FINANCIAL EXPENSES', 17203.8, 1352.98, 18556.7, 84797.6, 66240.9, 'Minas', 13323),
('6001019250  INSUR PREM MRN', 30257.1, 2342.21, 32599.3, 90265, 57665.6, 'Minas', 13323),
('PREMIUM', 30257.1, 2342.21, 32599.3, 90265, 57665.6, 'Minas', 13323),
('INSURANCE EXPENSES', 30257.1, 2342.21, 32599.3, 90265, 57665.6, 'Minas', 13323),
('6002002100  DEPRE-VESSEL', 9312, 0, 9312, 15132, 5820, 'Minas', 13323),
('6002003100  DEPRE-INST', 1088.08, 0, 1088.08, 1768.08, 680, 'Minas', 13323),
('6002002200  DEPRE-VESSEL-D', 120059, 0, 120059, 195096, 75036.8, 'Minas', 13323),
('DEPRECIATION, DEPLETION &', 130459, 0, 130459, 211996, 81536.8, 'Minas', 13323),
('Over/Underabsorption', 1029250, 186129, 1215380, 2091410, 876034, 'Minas', 13323),
('6001006100  SALARIES AND W', 95685.6, 0, 95685.6, 110527, 14841.2, 'Melahin', 13323),
('6001017110  TAX ALLOWANCE', 18166.3, 0, 18166.3, 22541.3, 4375, 'Melahin', 13323),
('6001007100  EMPLOYEE FEIST', 1958.93, 0, 1958.93, 28894, 26935.1, 'Melahin', 13323),
('6001007170  EMPLOYEE ALLOW', 113251, 0, 113251, 151324, 38073, 'Melahin', 13323),
('6001007180  COMP CONTR JAM', 656.63, 0, 656.63, 13497.6, 12841, 'Melahin', 13323),
('6001007200  COMPANY CONTRI', 3100.79, 0, 3100.79, 211.32, -2889.47, 'Melahin', 13323),
('6001007210  COMPANY CONTRI', 575.45, 0, 575.45, 234.84, -340.61, 'Melahin', 13323),
('6001007110  EMPLOYEE INCEN', 2886.34, 0, 2886.34, 4314.9, 1428.56, 'Melahin', 13323),
('6001007111  EMPLOYEE BONUS', -480.36, 0, -480.36, 1428.41, 1908.77, 'Melahin', 13323),
('PAYROLL RELATED', 235801, 0, 235801, 332974, 97172.5, 'Melahin', 13323),
('6001007250  PRE-RETIRE BEN', 1710.25, 0, 1710.25, 0, -1710.25, 'Melahin', 13323),
('EMPLOYEE BENEFIT', 1710.25, 0, 1710.25, 0, -1710.25, 'Melahin', 13323),
('6001007220  ACTIVE EMPLOYE', 99.69, 0, 99.69, 0, -99.69, 'Melahin', 13323),
('MEDICAL EXPENSES', 99.69, 0, 99.69, 0, -99.69, 'Melahin', 13323),
('6001008100  EMPLOYEE TRAVE', 7564.89, 3518.22, 11083.1, 13869.5, 2786.41, 'Melahin', 13323),
('TRAVEL EXPENSES', 7564.89, 3518.22, 11083.1, 13869.5, 2786.41, 'Melahin', 13323),
('MAN POWER RELATED', 245176, 3518.22, 248694, 346843, 98149, 'Melahin', 13323),
('6001011152  F&P CON PROD-O', 129515, 13044.6, 142560, 498079, 355519, 'Melahin', 13323),
('OWN USE PRODUCTIVE', 129515, 13044.6, 142560, 498079, 355519, 'Melahin', 13323),
('OWN USE CONSUMED', 129515, 13044.6, 142560, 498079, 355519, 'Melahin', 13323),
('6001014110  FACILITY MAINT', 15994.1, 5564.01, 21558.1, 29882.4, 8324.37, 'Melahin', 13323),
('MAINTENANCE SERVICES', 15994.1, 5564.01, 21558.1, 29882.4, 8324.37, 'Melahin', 13323),
('6001013120  TRSPRT MATRL &', 7703.24, 4836.54, 12539.8, 36059.6, 23519.8, 'Melahin', 13323),
('6001013130  MAC ACCES INST', 169712, 32497.8, 202209, 224827, 22617.7, 'Melahin', 13323),
('MATERIAL SERVICES 1', 177415, 37334.3, 214749, 260887, 46137.5, 'Melahin', 13323),
('MAINTENANCE', 193409, 42898.3, 236307, 290769, 54461.9, 'Melahin', 13323),
('6001011110  WATER EXPENSE', 3943.94, 602.14, 4546.08, 17257.2, 12711.1, 'Melahin', 13323),
('AUXILARIES', 3943.94, 602.14, 4546.08, 17257.2, 12711.1, 'Melahin', 13323),
('6001013210  PAINTS, OILS,', 38901.1, 6271.73, 45172.9, 54506.8, 9333.92, 'Melahin', 13323),
('6001013230  HOUSHLD FIRE &', 0, 5435, 5435, 25459.1, 20024.1, 'Melahin', 13323),
('OTHER MATERIAL', 38901.1, 11706.7, 50607.9, 79965.9, 29358, 'Melahin', 13323),
('MATERIAL CONSUMED', 42845.1, 12308.9, 55154, 97223.1, 42069.2, 'Melahin', 13323),
('6001016120  LOGISTICS EXPE', 3964.81, 0, 3964.81, 5858.2, 1893.39, 'Melahin', 13323),
('LOGISTIC & HANDLING SERVIC', 3964.81, 0, 3964.81, 5858.2, 1893.39, 'Melahin', 13323),
('6001014170  DIVING & MARIN', 159035, 23156.6, 182191, 236980, 54788.5, 'Melahin', 13323),
('ENGINEERING SERVICES', 159035, 23156.6, 182191, 236980, 54788.5, 'Melahin', 13323),
('6001010100  COMPUTER RENTA', 0, 0, 0, 25.37, 25.37, 'Melahin', 13323),
('IT & TELECOM SERVICES', 0, 0, 0, 25.37, 25.37, 'Melahin', 13323),
('6001022160  OTHER PROFESSI', 9638.36, 9055.35, 18693.7, 28074.7, 9381.01, 'Melahin', 13323),
('6001022190  SURVEYOR EXPEN', 1181.26, 0, 1181.26, 3807.6, 2626.34, 'Melahin', 13323),
('6001020100  CERTIFICATE', 3537.27, 1761.84, 5299.11, 9283.2, 3984.09, 'Melahin', 13323),
('PROFESSIONAL SERVICES', 14356.9, 10817.2, 25174.1, 41165.5, 15991.4, 'Melahin', 13323),
('6001022240  FOOD&CATERING', 75582.2, 18303.8, 93886, 108874, 14988.5, 'Melahin', 13323),
('GENERAL SERVICES', 75582.2, 18303.8, 93886, 108874, 14988.5, 'Melahin', 13323),
('SERVICES', 252938, 52277.6, 305216, 392903, 87687.2, 'Melahin', 13323),
('6001090100  CHARGES OF POR', 24453.2, 1730.1, 26183.3, 79476.1, 53292.8, 'Melahin', 13323),
('PENALTY,FINES,CLAIM,CHARGE', 24453.2, 1730.1, 26183.3, 79476.1, 53292.8, 'Melahin', 13323),
('FINANCIAL EXPENSES', 24453.2, 1730.1, 26183.3, 79476.1, 53292.8, 'Melahin', 13323),
('6001019250  INSUR PREM MRN', 30192.8, 0, 30192.8, 90341.8, 60148.9, 'Melahin', 13323),
('PREMIUM', 30192.8, 0, 30192.8, 90341.8, 60148.9, 'Melahin', 13323),
('INSURANCE EXPENSES', 30192.8, 0, 30192.8, 90341.8, 60148.9, 'Melahin', 13323),
('6002002100  DEPRE-VESSEL', 7246.84, 0, 7246.84, 11776.2, 4529.36, 'Melahin', 13323),
('6002002200  DEPRE-VESSEL-D', 68855.5, 0, 68855.5, 223780, 154925, 'Melahin', 13323),
('DEPRECIATION, DEPLETION &', 76102.4, 0, 76102.4, 235557, 159454, 'Melahin', 13323),
('Over/Underabsorption', 994632, 125778, 1120410, 2031190, 910782, 'Melahin', 13323),
('6001006100  SALARIES AND W', 98296.8, 0, 98296.8, 145187, 46890, 'Merbau', 13323),
('6001017110  TAX ALLOWANCE', 13441.2, 0, 13441.2, 38949.4, 25508.2, 'Merbau', 13323),
('6001007100  EMPLOYEE FEIST', -661.22, 0, -661.22, 37754.5, 38415.7, 'Merbau', 13323),
('6001007170  EMPLOYEE ALLOW', 108588, 0, 108588, 195535, 86946.5, 'Merbau', 13323),
('6001007180  COMP CONTR JAM', 672.33, 0, 672.33, 16784.5, 16112.2, 'Merbau', 13323),
('6001007200  COMPANY CONTRI', 3171.19, 0, 3171.19, 960.48, -2210.71, 'Merbau', 13323),
('6001007210  COMPANY CONTRI', 531.78, 0, 531.78, 1067.16, 535.38, 'Merbau', 13323),
('6001007110  EMPLOYEE INCEN', -8078.58, 0, -8078.58, 16831, 24909.6, 'Merbau', 13323),
('6001007111  EMPLOYEE BONUS', -5869.34, 0, -5869.34, 6816.78, 12686.1, 'Merbau', 13323),
('PAYROLL RELATED', 210092, 0, 210092, 459885, 249793, 'Merbau', 13323),
('6001007250  PRE-RETIRE BEN', 1760.51, 0, 1760.51, 0, -1760.51, 'Merbau', 13323),
('EMPLOYEE BENEFIT', 1760.51, 0, 1760.51, 0, -1760.51, 'Merbau', 13323),
('6001007220  ACTIVE EMPLOYE', 75.97, 0, 75.97, 0, -75.97, 'Merbau', 13323),
('MEDICAL EXPENSES', 75.97, 0, 75.97, 0, -75.97, 'Merbau', 13323),
('6001008100  EMPLOYEE TRAVE', 4773.47, 1750.19, 6523.66, 10924.6, 4400.98, 'Merbau', 13323),
('TRAVEL EXPENSES', 4773.47, 1750.19, 6523.66, 10924.6, 4400.98, 'Merbau', 13323),
('MAN POWER RELATED', 216702, 1750.19, 218452, 470810, 252358, 'Merbau', 13323),
('6001011152  F&P CON PROD-O', 149937, 30504.8, 180442, 547886, 367445, 'Merbau', 13323),
('OWN USE PRODUCTIVE', 149937, 30504.8, 180442, 547886, 367445, 'Merbau', 13323),
('OWN USE CONSUMED', 149937, 30504.8, 180442, 547886, 367445, 'Merbau', 13323),
('6001014110  FACILITY MAINT', 16031.6, 5571.07, 21602.7, 29882.4, 8279.73, 'Merbau', 13323),
('MAINTENANCE SERVICES', 16031.6, 5571.07, 21602.7, 29882.4, 8279.73, 'Merbau', 13323),
('6001013120  TRSPRT MATRL &', 363.29, 9889.74, 10253, 16059.6, 5806.57, 'Merbau', 13323),
('6001013130  MAC ACCES INST', 87698.8, 196893, 284592, 304465, 19873.4, 'Merbau', 13323),
('MATERIAL SERVICES 1', 88062.1, 206783, 294845, 320525, 25680, 'Merbau', 13323),
('MAINTENANCE', 104094, 212354, 316448, 350407, 33959.7, 'Merbau', 13323),
('6001011110  WATER EXPENSE', 4197.41, 2064.48, 6261.89, 17257.2, 10995.3, 'Merbau', 13323),
('AUXILARIES', 4197.41, 2064.48, 6261.89, 17257.2, 10995.3, 'Merbau', 13323),
('6001013210  PAINTS, OILS,', 10056, 23801.6, 33857.5, 54506.8, 20649.3, 'Merbau', 13323),
('6001013230  HOUSHLD FIRE &', 0, 5435, 5435, 25459.1, 20024.1, 'Merbau', 13323),
('OTHER MATERIAL', 10056, 29236.6, 39292.5, 79965.9, 40673.4, 'Merbau', 13323),
('MATERIAL CONSUMED', 14253.4, 31301.1, 45554.4, 97223.1, 51668.7, 'Merbau', 13323),
('6001016120  LOGISTICS EXPE', 415.52, 0, 415.52, 3358.2, 2942.68, 'Merbau', 13323),
('LOGISTIC & HANDLING SERVIC', 415.52, 0, 415.52, 3358.2, 2942.68, 'Merbau', 13323),
('6001014170  DIVING & MARIN', 43772.6, 63115.3, 106888, 171319, 64430.9, 'Merbau', 13323),
('ENGINEERING SERVICES', 43772.6, 63115.3, 106888, 171319, 64430.9, 'Merbau', 13323),
('6001010100  COMPUTER RENTA', 0, 0, 0, 25.37, 25.37, 'Merbau', 13323),
('IT & TELECOM SERVICES', 0, 0, 0, 25.37, 25.37, 'Merbau', 13323),
('6001022160  OTHER PROFESSI', 6859.61, 9011.8, 15871.4, 25910.7, 10039.3, 'Merbau', 13323),
('6001022190  SURVEYOR EXPEN', 0, 0, 0, 3813.6, 3813.6, 'Merbau', 13323),
('6001020100  CERTIFICATE', 952.28, 1328.02, 2280.3, 5612.4, 3332.1, 'Merbau', 13323),
('PROFESSIONAL SERVICES', 7811.89, 10339.8, 18151.7, 35336.7, 17185, 'Merbau', 13323),
('6001022240  FOOD&CATERING', 74907, 11626.1, 86533.1, 102682, 16148.4, 'Merbau', 13323),
('GENERAL SERVICES', 74907, 11626.1, 86533.1, 102682, 16148.4, 'Merbau', 13323),
('SERVICES', 126907, 85081.2, 211988, 312721, 100732, 'Merbau', 13323),
('6001090100  CHARGES OF POR', 15535.6, 160.82, 15696.4, 84797.6, 69101.2, 'Merbau', 13323),
('PENALTY,FINES,CLAIM,CHARGE', 15535.6, 160.82, 15696.4, 84797.6, 69101.2, 'Merbau', 13323),
('FINANCIAL EXPENSES', 15535.6, 160.82, 15696.4, 84797.6, 69101.2, 'Merbau', 13323),
('6001019250  INSUR PREM MRN', 30286, 0, 30286, 86551.6, 56265.5, 'Merbau', 13323),
('PREMIUM', 30286, 0, 30286, 86551.6, 56265.5, 'Merbau', 13323),
('INSURANCE EXPENSES', 30286, 0, 30286, 86551.6, 56265.5, 'Merbau', 13323),
('6002002100  DEPRE-VESSEL', 9343.18, 0, 9343.18, 15182.8, 5839.58, 'Merbau', 13323),
('6002002200  DEPRE-VESSEL-D', 190187, 0, 190187, 191240, 1053.44, 'Merbau', 13323),
('6002006210  DEPRECIATION P', 226564, 0, 226564, 0, -226564, 'Merbau', 13323),
('DEPRECIATION, DEPLETION &', 426094, 0, 426094, 206423, -219671, 'Merbau', 13323),
('Over/Underabsorption', 1083810, 361152, 1444960, 2156820, 711859, 'Merbau', 13323),
('6001006100  SALARIES AND W', 83337.4, 0, 83337.4, 135996, 52658.9, 'Mundu', 13323),
('6001017110  TAX ALLOWANCE', 4860.54, 0, 4860.54, 36951.6, 32091.1, 'Mundu', 13323),
('6001007100  EMPLOYEE FEIST', -342.66, 0, -342.66, 34046.1, 34388.8, 'Mundu', 13323),
('6001007170  EMPLOYEE ALLOW', 86400.4, 0, 86400.4, 201006, 114605, 'Mundu', 13323),
('6001007180  COMP CONTR JAM', 571.24, 0, 571.24, 16183.7, 15612.4, 'Mundu', 13323),
('6001007200  COMPANY CONTRI', 2417.23, 0, 2417.23, 0, -2417.23, 'Mundu', 13323),
('6001007210  COMPANY CONTRI', 233.3, 0, 233.3, 0, -233.3, 'Mundu', 13323),
('6001007110  EMPLOYEE INCEN', -5700.49, 0, -5700.49, 0, 5700.49, 'Mundu', 13323),
('6001007111  EMPLOYEE BONUS', -4252.71, 0, -4252.71, 0, 4252.71, 'Mundu', 13323),
('PAYROLL RELATED', 167524, 0, 167524, 424183, 256659, 'Mundu', 13323),
('6001007250  PRE-RETIRE BEN', 1528.1, 0, 1528.1, 0, -1528.1, 'Mundu', 13323),
('EMPLOYEE BENEFIT', 1528.1, 0, 1528.1, 0, -1528.1, 'Mundu', 13323),
('6001007220  ACTIVE EMPLOYE', 515.81, 0, 515.81, 0, -515.81, 'Mundu', 13323),
('MEDICAL EXPENSES', 515.81, 0, 515.81, 0, -515.81, 'Mundu', 13323),
('6001008100  EMPLOYEE TRAVE', 9859.84, 1903.89, 11763.7, 16843.5, 5079.79, 'Mundu', 13323),
('TRAVEL EXPENSES', 9859.84, 1903.89, 11763.7, 16843.5, 5079.79, 'Mundu', 13323),
('MAN POWER RELATED', 179428, 1903.89, 181332, 441027, 259695, 'Mundu', 13323),
('6001011152  F&P CON PROD-O', 328088, 15210.2, 343298, 442737, 99438.4, 'Mundu', 13323),
('OWN USE PRODUCTIVE', 328088, 15210.2, 343298, 442737, 99438.4, 'Mundu', 13323),
('OWN USE CONSUMED', 328088, 15210.2, 343298, 442737, 99438.4, 'Mundu', 13323),
('6001014110  FACILITY MAINT', 14285, 7444.27, 21729.3, 29882.4, 8153.13, 'Mundu', 13323),
('MAINTENANCE SERVICES', 14285, 7444.27, 21729.3, 29882.4, 8153.13, 'Mundu', 13323),
('6001013120  TRSPRT MATRL &', 5702.31, 4799.59, 10501.9, 16059.6, 5557.7, 'Mundu', 13323),
('6001013130  MAC ACCES INST', 120483, 68027.8, 188511, 238505, 49993.9, 'Mundu', 13323),
('MATERIAL SERVICES 1', 126185, 72827.4, 199013, 254564, 55551.6, 'Mundu', 13323),
('MAINTENANCE', 140470, 80271.6, 220742, 284447, 63704.8, 'Mundu', 13323),
('6001011110  WATER EXPENSE', 4861.57, 0, 4861.57, 16257.2, 11395.6, 'Mundu', 13323),
('AUXILARIES', 4861.57, 0, 4861.57, 16257.2, 11395.6, 'Mundu', 13323),
('6001013210  PAINTS, OILS,', 14434, 5133.22, 19567.2, 59731.6, 40164.4, 'Mundu', 13323),
('6001013230  HOUSHLD FIRE &', 0, 3842.97, 3842.97, 25459.1, 21616.2, 'Mundu', 13323),
('OTHER MATERIAL', 14434, 8976.19, 23410.2, 85190.7, 61780.5, 'Mundu', 13323),
('MATERIAL CONSUMED', 19295.6, 8976.19, 28271.8, 101448, 73176.1, 'Mundu', 13323),
('6001016120  LOGISTICS EXPE', 596.23, 0, 596.23, 3358.2, 2761.97, 'Mundu', 13323),
('LOGISTIC & HANDLING SERVIC', 596.23, 0, 596.23, 3358.2, 2761.97, 'Mundu', 13323),
('6001014170  DIVING & MARIN', 33509, 26970.8, 60479.8, 153463, 92983, 'Mundu', 13323),
('ENGINEERING SERVICES', 33509, 26970.8, 60479.8, 153463, 92983, 'Mundu', 13323),
('6001010100  COMPUTER RENTA', 0, 0, 0, 25.37, 25.37, 'Mundu', 13323),
('IT & TELECOM SERVICES', 0, 0, 0, 25.37, 25.37, 'Mundu', 13323),
('6001022160  OTHER PROFESSI', 10061.3, 7842.92, 17904.2, 28074.7, 10170.5, 'Mundu', 13323),
('6001022190  SURVEYOR EXPEN', 899.66, 0, 899.66, 8512, 7612.34, 'Mundu', 13323),
('6001020100  CERTIFICATE', 3304.78, 1164.07, 4468.85, 6283.2, 1814.35, 'Mundu', 13323),
('PROFESSIONAL SERVICES', 14265.7, 9006.99, 23272.7, 42869.9, 19597.2, 'Mundu', 13323),
('6001022240  FOOD&CATERING', 65080.7, 22300.9, 87381.6, 102682, 15299.9, 'Mundu', 13323),
('GENERAL SERVICES', 65080.7, 22300.9, 87381.6, 102682, 15299.9, 'Mundu', 13323),
('SERVICES', 113452, 58278.6, 171730, 302398, 130667, 'Mundu', 13323),
('6001090100  CHARGES OF POR', 38145.7, 1425.47, 39571.2, 79476.1, 39905, 'Mundu', 13323),
('PENALTY,FINES,CLAIM,CHARGE', 38145.7, 1425.47, 39571.2, 79476.1, 39905, 'Mundu', 13323),
('FINANCIAL EXPENSES', 38145.7, 1425.47, 39571.2, 79476.1, 39905, 'Mundu', 13323);
INSERT INTO `detail_kapal` (`cost_element`, `actual`, `commitment`, `alloted`, `plan`, `available`, `kapal`, `kurs`) VALUES
('6001019250  INSUR PREM MRN', 32700.3, 0, 32700.3, 40268, 7567.72, 'Mundu', 13323),
('PREMIUM', 32700.3, 0, 32700.3, 40268, 7567.72, 'Mundu', 13323),
('INSURANCE EXPENSES', 32700.3, 0, 32700.3, 40268, 7567.72, 'Mundu', 13323),
('6002002100  DEPRE-VESSEL', 184444, 0, 184444, 299721, 115277, 'Mundu', 13323),
('6002002200  DEPRE-VESSEL-D', 80434.1, 0, 80434.1, 128369, 47934.9, 'Mundu', 13323),
('6002006210  DEPRECIATION P', 37928.1, 0, 37928.1, 0, -37928.1, 'Mundu', 13323),
('DEPRECIATION, DEPLETION &', 302806, 0, 302806, 428090, 125284, 'Mundu', 13323),
('Over/Underabsorption', 1154390, 166066, 1320450, 2119890, 799438, 'Mundu', 13323),
('6001006100  SALARIES AND W', 101565, 0, 101565, 111805, 10240.5, 'Musi', 13323),
('6001017110  TAX ALLOWANCE', 22899.5, 0, 22899.5, 24066.7, 1167.19, 'Musi', 13323),
('6001007100  EMPLOYEE FEIST', 2251, 0, 2251, 29688.7, 27437.7, 'Musi', 13323),
('6001007170  EMPLOYEE ALLOW', 111551, 0, 111551, 151394, 39843.3, 'Musi', 13323),
('6001007180  COMP CONTR JAM', 670.24, 0, 670.24, 13496.4, 12826.2, 'Musi', 13323),
('6001007200  COMPANY CONTRI', 3114.65, 0, 3114.65, 740.4, -2374.25, 'Musi', 13323),
('6001007210  COMPANY CONTRI', 435.27, 0, 435.27, 822.6, 387.33, 'Musi', 13323),
('6001007110  EMPLOYEE INCEN', -1248.83, 0, -1248.83, 13956.2, 15205.1, 'Musi', 13323),
('6001007111  EMPLOYEE BONUS', -2185.94, 0, -2185.94, 5004.18, 7190.12, 'Musi', 13323),
('PAYROLL RELATED', 239052, 0, 239052, 350975, 111923, 'Musi', 13323),
('6001007250  PRE-RETIRE BEN', 1933.63, 0, 1933.63, 0, -1933.63, 'Musi', 13323),
('EMPLOYEE BENEFIT', 1933.63, 0, 1933.63, 0, -1933.63, 'Musi', 13323),
('6001007220  ACTIVE EMPLOYE', 1063.25, 0, 1063.25, 0, -1063.25, 'Musi', 13323),
('MEDICAL EXPENSES', 1063.25, 0, 1063.25, 0, -1063.25, 'Musi', 13323),
('6001008100  EMPLOYEE TRAVE', 5733.68, 3065.85, 8799.53, 12224.6, 3425.11, 'Musi', 13323),
('TRAVEL EXPENSES', 5733.68, 3065.85, 8799.53, 12224.6, 3425.11, 'Musi', 13323),
('MAN POWER RELATED', 247782, 3065.85, 250848, 363199, 112351, 'Musi', 13323),
('6001011152  F&P CON PROD-O', 375797, 87773.4, 463571, 442737, -20834, 'Musi', 13323),
('OWN USE PRODUCTIVE', 375797, 87773.4, 463571, 442737, -20834, 'Musi', 13323),
('OWN USE CONSUMED', 375797, 87773.4, 463571, 442737, -20834, 'Musi', 13323),
('6001014110  FACILITY MAINT', 14377, 7378.81, 21755.8, 29882.4, 8126.59, 'Musi', 13323),
('MAINTENANCE SERVICES', 14377, 7378.81, 21755.8, 29882.4, 8126.59, 'Musi', 13323),
('6001013120  TRSPRT MATRL &', 6195.66, 708.87, 6904.53, 16059.6, 9155.07, 'Musi', 13323),
('6001013130  MAC ACCES INST', 117974, 3810.38, 121785, 154475, 32690.3, 'Musi', 13323),
('MATERIAL SERVICES 1', 124170, 4519.25, 128689, 170535, 41845.3, 'Musi', 13323),
('MAINTENANCE', 138547, 11898.1, 150445, 200417, 49971.9, 'Musi', 13323),
('6001011110  WATER EXPENSE', 4620.98, 0, 4620.98, 16057.2, 11436.2, 'Musi', 13323),
('AUXILARIES', 4620.98, 0, 4620.98, 16057.2, 11436.2, 'Musi', 13323),
('6001013210  PAINTS, OILS,', 33292.1, 0, 33292.1, 54797.2, 21505.1, 'Musi', 13323),
('6001013230  HOUSHLD FIRE &', 0, 5435, 5435, 12277.1, 6842.12, 'Musi', 13323),
('OTHER MATERIAL', 33292.1, 5435, 38727.1, 67074.3, 28347.2, 'Musi', 13323),
('MATERIAL CONSUMED', 37913.1, 5435, 43348.1, 83131.5, 39783.4, 'Musi', 13323),
('6001016120  LOGISTICS EXPE', 1731.16, 0, 1731.16, 3358.2, 1627.04, 'Musi', 13323),
('LOGISTIC & HANDLING SERVIC', 1731.16, 0, 1731.16, 3358.2, 1627.04, 'Musi', 13323),
('6001014170  DIVING & MARIN', 10474.4, 2398.58, 12872.9, 70962.8, 58089.9, 'Musi', 13323),
('ENGINEERING SERVICES', 10474.4, 2398.58, 12872.9, 70962.8, 58089.9, 'Musi', 13323),
('6001010100  COMPUTER RENTA', 0, 0, 0, 25.37, 25.37, 'Musi', 13323),
('IT & TELECOM SERVICES', 0, 0, 0, 25.37, 25.37, 'Musi', 13323),
('6001022160  OTHER PROFESSI', 5569.7, 9477.47, 15047.2, 25046.7, 9999.55, 'Musi', 13323),
('6001022190  SURVEYOR EXPEN', 2954.42, 0, 2954.42, 6114.4, 3159.98, 'Musi', 13323),
('6001020100  CERTIFICATE', 3355.35, 3466.68, 6822.03, 11283.2, 4461.17, 'Musi', 13323),
('PROFESSIONAL SERVICES', 11879.5, 12944.2, 24823.6, 42444.3, 17620.7, 'Musi', 13323),
('6001022240  FOOD&CATERING', 65079.5, 22254.8, 87334.3, 102682, 15347.2, 'Musi', 13323),
('GENERAL SERVICES', 65079.5, 22254.8, 87334.3, 102682, 15347.2, 'Musi', 13323),
('SERVICES', 89164.5, 37597.5, 126762, 219472, 92710.1, 'Musi', 13323),
('6001090100  CHARGES OF POR', 21295.1, 1868.45, 23163.6, 75804.1, 52640.6, 'Musi', 13323),
('PENALTY,FINES,CLAIM,CHARGE', 21295.1, 1868.45, 23163.6, 75804.1, 52640.6, 'Musi', 13323),
('FINANCIAL EXPENSES', 21295.1, 1868.45, 23163.6, 75804.1, 52640.6, 'Musi', 13323),
('6001019250  INSUR PREM MRN', 32206.1, 0, 32206.1, 41677.9, 9471.82, 'Musi', 13323),
('PREMIUM', 32206.1, 0, 32206.1, 41677.9, 9471.82, 'Musi', 13323),
('INSURANCE EXPENSES', 32206.1, 0, 32206.1, 41677.9, 9471.82, 'Musi', 13323),
('6002002100  DEPRE-VESSEL', 300261, 0, 300261, 487924, 187663, 'Musi', 13323),
('6002002200  DEPRE-VESSEL-D', 59511.4, 0, 59511.4, 34637.5, -24873.9, 'Musi', 13323),
('6002006210  DEPRECIATION P', 81273.9, 0, 81273.9, 0, -81273.9, 'Musi', 13323),
('DEPRECIATION, DEPLETION &', 441046, 0, 441046, 522562, 81515.5, 'Musi', 13323),
('Over/Underabsorption', 1383750, 147638, 1531390, 1949000, 417611, 'Musi', 13323),
('6001006100  SALARIES AND W', 90114.6, 0, 90114.6, 142830, 52714.9, 'Meditran', 13323),
('6001017110  TAX ALLOWANCE', 9851.39, 0, 9851.39, 47427.4, 37576, 'Meditran', 13323),
('6001007100  EMPLOYEE FEIST', -1238, 0, -1238, 36128.1, 37366.1, 'Meditran', 13323),
('6001007170  EMPLOYEE ALLOW', 102111, 0, 102111, 196327, 94216.5, 'Meditran', 13323),
('6001007180  COMP CONTR JAM', 611.86, 0, 611.86, 16102.7, 15490.8, 'Meditran', 13323),
('6001007200  COMPANY CONTRI', 2602.41, 0, 2602.41, 1210.68, -1391.73, 'Meditran', 13323),
('6001007210  COMPANY CONTRI', 265.91, 0, 265.91, 1345.2, 1079.29, 'Meditran', 13323),
('6001007110  EMPLOYEE INCEN', -7577.11, 0, -7577.11, 21052.6, 28629.7, 'Meditran', 13323),
('6001007111  EMPLOYEE BONUS', -6170.88, 0, -6170.88, 8592.4, 14763.3, 'Meditran', 13323),
('PAYROLL RELATED', 190571, 0, 190571, 471016, 280445, 'Meditran', 13323),
('6001007250  PRE-RETIRE BEN', 1690.11, 0, 1690.11, 0, -1690.11, 'Meditran', 13323),
('EMPLOYEE BENEFIT', 1690.11, 0, 1690.11, 0, -1690.11, 'Meditran', 13323),
('6001007220  ACTIVE EMPLOYE', 739.09, 0, 739.09, 0, -739.09, 'Meditran', 13323),
('MEDICAL EXPENSES', 739.09, 0, 739.09, 0, -739.09, 'Meditran', 13323),
('6001008100  EMPLOYEE TRAVE', 10333.1, 3147.99, 13481.1, 19252.5, 5771.42, 'Meditran', 13323),
('TRAVEL EXPENSES', 10333.1, 3147.99, 13481.1, 19252.5, 5771.42, 'Meditran', 13323),
('MAN POWER RELATED', 203333, 3147.99, 206481, 490268, 283787, 'Meditran', 13323),
('6001011152  F&P CON PROD-O', 313684, 29726.7, 343411, 442737, 99325.9, 'Meditran', 13323),
('OWN USE PRODUCTIVE', 313684, 29726.7, 343411, 442737, 99325.9, 'Meditran', 13323),
('OWN USE CONSUMED', 313684, 29726.7, 343411, 442737, 99325.9, 'Meditran', 13323),
('6001014110  FACILITY MAINT', 14200.4, 7526.99, 21727.4, 25522.4, 3795.06, 'Meditran', 13323),
('MAINTENANCE SERVICES', 14200.4, 7526.99, 21727.4, 25522.4, 3795.06, 'Meditran', 13323),
('6001013120  TRSPRT MATRL &', 2750.22, 4927.82, 7678.04, 14059.6, 6381.56, 'Meditran', 13323),
('6001013130  MAC ACCES INST', 27179.3, 20885.9, 48065.2, 53388.9, 5323.73, 'Meditran', 13323),
('MATERIAL SERVICES 1', 29929.5, 25813.7, 55743.2, 67448.5, 11705.3, 'Meditran', 13323),
('MAINTENANCE', 44129.9, 33340.7, 77470.6, 92971, 15500.3, 'Meditran', 13323),
('6001011110  WATER EXPENSE', 0, 0, 0, 8757.2, 8757.2, 'Meditran', 13323),
('AUXILARIES', 0, 0, 0, 8757.2, 8757.2, 'Meditran', 13323),
('6001013210  PAINTS, OILS,', 4567.61, 14187.3, 18754.9, 30331.2, 11576.3, 'Meditran', 13323),
('6001013230  HOUSHLD FIRE &', 0, 5435, 5435, 12277.1, 6842.12, 'Meditran', 13323),
('OTHER MATERIAL', 4567.61, 19622.3, 24189.9, 42608.3, 18418.4, 'Meditran', 13323),
('MATERIAL CONSUMED', 4567.61, 19622.3, 24189.9, 51365.5, 27175.6, 'Meditran', 13323),
('6001016120  LOGISTICS EXPE', 2128.59, 0, 2128.59, 3358.2, 1229.61, 'Meditran', 13323),
('LOGISTIC & HANDLING SERVIC', 2128.59, 0, 2128.59, 3358.2, 1229.61, 'Meditran', 13323),
('6001014170  DIVING & MARIN', 24267.5, 12156, 36423.5, 83220, 46796.5, 'Meditran', 13323),
('ENGINEERING SERVICES', 24267.5, 12156, 36423.5, 83220, 46796.5, 'Meditran', 13323),
('6001010100  COMPUTER RENTA', 0, 0, 0, 25.37, 25.37, 'Meditran', 13323),
('IT & TELECOM SERVICES', 0, 0, 0, 25.37, 25.37, 'Meditran', 13323),
('6001022160  OTHER PROFESSI', 10268.8, 8073.56, 18342.3, 28074.7, 9732.38, 'Meditran', 13323),
('6001022190  SURVEYOR EXPEN', 7305.65, 3869.3, 11175, 18553.6, 7378.65, 'Meditran', 13323),
('6001020100  CERTIFICATE', 4210.86, 294.95, 4505.81, 6612.4, 2106.59, 'Meditran', 13323),
('PROFESSIONAL SERVICES', 21785.3, 12237.8, 34023.1, 53240.7, 19217.6, 'Meditran', 13323),
('6001022240  FOOD&CATERING', 64971.6, 22446.5, 87418.1, 102682, 15263.4, 'Meditran', 13323),
('GENERAL SERVICES', 64971.6, 22446.5, 87418.1, 102682, 15263.4, 'Meditran', 13323),
('SERVICES', 113153, 46840.4, 159993, 242526, 82532.5, 'Meditran', 13323),
('6001090100  CHARGES OF POR', 43945.6, 967.67, 44913.3, 75804.1, 30890.9, 'Meditran', 13323),
('PENALTY,FINES,CLAIM,CHARGE', 43945.6, 967.67, 44913.3, 75804.1, 30890.9, 'Meditran', 13323),
('FINANCIAL EXPENSES', 43945.6, 967.67, 44913.3, 75804.1, 30890.9, 'Meditran', 13323),
('6001019250  INSUR PREM MRN', 35219.1, 0, 35219.1, 42657.5, 7438.34, 'Meditran', 13323),
('PREMIUM', 35219.1, 0, 35219.1, 42657.5, 7438.34, 'Meditran', 13323),
('INSURANCE EXPENSES', 35219.1, 0, 35219.1, 42657.5, 7438.34, 'Meditran', 13323),
('6002002100  DEPRE-VESSEL', 308235, 0, 308235, 500883, 192647, 'Meditran', 13323),
('6002002200  DEPRE-VESSEL-D', 77120.5, 0, 77120.5, 51726.1, -25394.4, 'Meditran', 13323),
('6002006210  DEPRECIATION P', 27428.1, 0, 27428.1, 0, -27428.1, 'Meditran', 13323),
('DEPRECIATION, DEPLETION &', 412784, 0, 412784, 552609, 139825, 'Meditran', 13323),
('Over/Underabsorption', 1170820, 133646, 1304460, 1990940, 686475, 'Meditran', 13323),
('6001006100  SALARIES AND W', 102534, 0, 102534, 159957, 57423.1, 'Matindok', 13323),
('6001017110  TAX ALLOWANCE', 27280.3, 0, 27280.3, 48830.3, 21550, 'Matindok', 13323),
('6001007100  EMPLOYEE FEIST', 2273.44, 0, 2273.44, 41724.9, 39451.4, 'Matindok', 13323),
('6001007170  EMPLOYEE ALLOW', 124913, 0, 124913, 218725, 93812.1, 'Matindok', 13323),
('6001007180  COMP CONTR JAM', 714.55, 0, 714.55, 18273, 17558.4, 'Matindok', 13323),
('6001007200  COMPANY CONTRI', 3405.8, 0, 3405.8, 1270.56, -2135.24, 'Matindok', 13323),
('6001007210  COMPANY CONTRI', 757.94, 0, 757.94, 1411.68, 653.74, 'Matindok', 13323),
('6001007110  EMPLOYEE INCEN', 11239.2, 0, 11239.2, 22836.8, 11597.6, 'Matindok', 13323),
('6001007111  EMPLOYEE BONUS', 3202.27, 0, 3202.27, 8587.91, 5385.64, 'Matindok', 13323),
('PAYROLL RELATED', 276321, 0, 276321, 521618, 245297, 'Matindok', 13323),
('6001007250  PRE-RETIRE BEN', 1855.29, 0, 1855.29, 0, -1855.29, 'Matindok', 13323),
('EMPLOYEE BENEFIT', 1855.29, 0, 1855.29, 0, -1855.29, 'Matindok', 13323),
('6001007220  ACTIVE EMPLOYE', 682.05, 0, 682.05, 0, -682.05, 'Matindok', 13323),
('MEDICAL EXPENSES', 682.05, 0, 682.05, 0, -682.05, 'Matindok', 13323),
('6001008100  EMPLOYEE TRAVE', 4045.12, 2905.73, 6950.85, 10669.5, 3718.67, 'Matindok', 13323),
('TRAVEL EXPENSES', 4045.12, 2905.73, 6950.85, 10669.5, 3718.67, 'Matindok', 13323),
('MAN POWER RELATED', 282903, 2905.73, 285809, 532287, 246478, 'Matindok', 13323),
('6001011152  F&P CON PROD-O', 265753, 3039.61, 268793, 498079, 229286, 'Matindok', 13323),
('OWN USE PRODUCTIVE', 265753, 3039.61, 268793, 498079, 229286, 'Matindok', 13323),
('OWN USE CONSUMED', 265753, 3039.61, 268793, 498079, 229286, 'Matindok', 13323),
('6001014110  FACILITY MAINT', 14327.9, 7425.96, 21753.9, 29882.4, 8128.58, 'Matindok', 13323),
('MAINTENANCE SERVICES', 14327.9, 7425.96, 21753.9, 29882.4, 8128.58, 'Matindok', 13323),
('6001013120  TRSPRT MATRL &', 6551.65, 2481.62, 9033.27, 36059.6, 27026.3, 'Matindok', 13323),
('6001013130  MAC ACCES INST', 212002, 55147, 267149, 279160, 12011.7, 'Matindok', 13323),
('MATERIAL SERVICES 1', 218553, 57628.6, 276182, 315220, 39038.1, 'Matindok', 13323),
('MAINTENANCE', 232881, 65054.6, 297936, 345102, 47166.6, 'Matindok', 13323),
('6001011110  WATER EXPENSE', 7022.31, 4664.9, 11687.2, 17257.2, 5569.99, 'Matindok', 13323),
('AUXILARIES', 7022.31, 4664.9, 11687.2, 17257.2, 5569.99, 'Matindok', 13323),
('6001013210  PAINTS, OILS,', 44640.3, 8192.96, 52833.2, 60240.4, 7407.16, 'Matindok', 13323),
('6001013230  HOUSHLD FIRE &', 0, 5435, 5435, 12277.1, 6842.12, 'Matindok', 13323),
('OTHER MATERIAL', 44640.3, 13628, 58268.2, 72517.5, 14249.3, 'Matindok', 13323),
('MATERIAL CONSUMED', 51662.6, 18292.9, 69955.5, 89774.7, 19819.3, 'Matindok', 13323),
('6001010190  VEHICLES RENTA', 0, 0, 0, 0, 0, 'Matindok', 13323),
('RENTAL SERVICES', 0, 0, 0, 0, 0, 'Matindok', 13323),
('6001016120  LOGISTICS EXPE', 870.01, 0, 870.01, 3358.2, 2488.19, 'Matindok', 13323),
('LOGISTIC & HANDLING SERVIC', 870.01, 0, 870.01, 3358.2, 2488.19, 'Matindok', 13323),
('6001014170  DIVING & MARIN', 56557.3, 17029.6, 73586.8, 93901.6, 20314.8, 'Matindok', 13323),
('ENGINEERING SERVICES', 56557.3, 17029.6, 73586.8, 93901.6, 20314.8, 'Matindok', 13323),
('6001010100  COMPUTER RENTA', 0, 0, 0, 25.37, 25.37, 'Matindok', 13323),
('IT & TELECOM SERVICES', 0, 0, 0, 25.37, 25.37, 'Matindok', 13323),
('6001022160  OTHER PROFESSI', 6492.14, 8333.34, 14825.5, 24824.7, 9999.24, 'Matindok', 13323),
('6001022190  SURVEYOR EXPEN', 582.68, 0, 582.68, 4188, 3605.32, 'Matindok', 13323),
('6001020100  CERTIFICATE', 1944.12, 3915.01, 5859.13, 7276.4, 1417.27, 'Matindok', 13323),
('PROFESSIONAL SERVICES', 9018.94, 12248.3, 21267.3, 36289.1, 15021.8, 'Matindok', 13323),
('6001022240  FOOD&CATERING', 67636.8, 19594.4, 87231.2, 102682, 15450.3, 'Matindok', 13323),
('GENERAL SERVICES', 67636.8, 19594.4, 87231.2, 102682, 15450.3, 'Matindok', 13323),
('SERVICES', 134083, 48872.3, 182955, 236256, 53300.5, 'Matindok', 13323),
('6001090100  CHARGES OF POR', 29319, 5801.91, 35120.9, 72042.8, 36921.9, 'Matindok', 13323),
('PENALTY,FINES,CLAIM,CHARGE', 29319, 5801.91, 35120.9, 72042.8, 36921.9, 'Matindok', 13323),
('FINANCIAL EXPENSES', 29319, 5801.91, 35120.9, 72042.8, 36921.9, 'Matindok', 13323),
('6001019250  INSUR PREM MRN', 32839.1, 0, 32839.1, 41644.2, 8805.08, 'Matindok', 13323),
('PREMIUM', 32839.1, 0, 32839.1, 41644.2, 8805.08, 'Matindok', 13323),
('INSURANCE EXPENSES', 32839.1, 0, 32839.1, 41644.2, 8805.08, 'Matindok', 13323),
('6002002100  DEPRE-VESSEL', 347838, 0, 347838, 565237, 217399, 'Matindok', 13323),
('6002002200  DEPRE-VESSEL-D', 15422.2, 0, 15422.2, 37749, 22326.8, 'Matindok', 13323),
('6002006210  DEPRECIATION P', 838.86, 0, 838.86, 0, -838.86, 'Matindok', 13323),
('DEPRECIATION, DEPLETION &', 364099, 0, 364099, 602986, 238887, 'Matindok', 13323),
('Over/Underabsorption', 1393540, 143967, 1537510, 2418170, 880664, 'Matindok', 13323),
('6001006100  SALARIES AND W', 103184, 0, 103184, 136581, 33397.4, 'Mauhau', 13323),
('6001017110  TAX ALLOWANCE', 23654, 0, 23654, 31366.2, 7712.22, 'Mauhau', 13323),
('6001007100  EMPLOYEE FEIST', 3572.15, 0, 3572.15, 36699.5, 33127.3, 'Mauhau', 13323),
('6001007170  EMPLOYEE ALLOW', 114508, 0, 114508, 178612, 64103.9, 'Mauhau', 13323),
('6001007180  COMP CONTR JAM', 719.11, 0, 719.11, 16340.9, 15621.8, 'Mauhau', 13323),
('6001007200  COMPANY CONTRI', 3584.86, 0, 3584.86, 871.08, -2713.78, 'Mauhau', 13323),
('6001007210  COMPANY CONTRI', 792.96, 0, 792.96, 967.8, 174.84, 'Mauhau', 13323),
('6001007110  EMPLOYEE INCEN', -1030.67, 0, -1030.67, 16828.3, 17859, 'Mauhau', 13323),
('6001007111  EMPLOYEE BONUS', -4340.64, 0, -4340.64, 6260.02, 10600.7, 'Mauhau', 13323),
('PAYROLL RELATED', 244643, 0, 244643, 424527, 179883, 'Mauhau', 13323),
('6001007250  PRE-RETIRE BEN', 1800.54, 0, 1800.54, 0, -1800.54, 'Mauhau', 13323),
('EMPLOYEE BENEFIT', 1800.54, 0, 1800.54, 0, -1800.54, 'Mauhau', 13323),
('6001007220  ACTIVE EMPLOYE', 217.08, 0, 217.08, 0, -217.08, 'Mauhau', 13323),
('MEDICAL EXPENSES', 217.08, 0, 217.08, 0, -217.08, 'Mauhau', 13323),
('6001008100  EMPLOYEE TRAVE', 6964.46, 2852.56, 9817.02, 12969.5, 3152.5, 'Mauhau', 13323),
('TRAVEL EXPENSES', 6964.46, 2852.56, 9817.02, 12969.5, 3152.5, 'Mauhau', 13323),
('MAN POWER RELATED', 253625, 2852.56, 256478, 437496, 181018, 'Mauhau', 13323),
('6001011152  F&P CON PROD-O', 410028, 50771.8, 460800, 442737, -18063, 'Mauhau', 13323),
('OWN USE PRODUCTIVE', 410028, 50771.8, 460800, 442737, -18063, 'Mauhau', 13323),
('OWN USE CONSUMED', 410028, 50771.8, 460800, 442737, -18063, 'Mauhau', 13323),
('6001014110  FACILITY MAINT', 14172.2, 7550.01, 21722.2, 25522.4, 3800.23, 'Mauhau', 13323),
('MAINTENANCE SERVICES', 14172.2, 7550.01, 21722.2, 25522.4, 3800.23, 'Mauhau', 13323),
('6001013120  TRSPRT MATRL &', 1990.78, 2314.46, 4305.24, 16059.6, 11754.4, 'Mauhau', 13323),
('6001013130  MAC ACCES INST', 106931, 46251.1, 153182, 169393, 16211.1, 'Mauhau', 13323),
('MATERIAL SERVICES 1', 108922, 48565.6, 157488, 185453, 27965.4, 'Mauhau', 13323),
('MAINTENANCE', 123094, 56115.6, 179210, 210975, 31765.7, 'Mauhau', 13323),
('6001011110  WATER EXPENSE', 6505.5, 3111.2, 9616.7, 15457.2, 5840.5, 'Mauhau', 13323),
('AUXILARIES', 6505.5, 3111.2, 9616.7, 15457.2, 5840.5, 'Mauhau', 13323),
('6001013210  PAINTS, OILS,', 26773.9, 7110.37, 33884.3, 43362, 9477.74, 'Mauhau', 13323),
('6001013230  HOUSHLD FIRE &', 0, 3842.97, 3842.97, 12277.1, 8434.15, 'Mauhau', 13323),
('OTHER MATERIAL', 26773.9, 10953.3, 37727.2, 55639.1, 17911.9, 'Mauhau', 13323),
('MATERIAL CONSUMED', 33279.4, 14064.5, 47343.9, 71096.3, 23752.4, 'Mauhau', 13323),
('6001016120  LOGISTICS EXPE', 1172.37, 0, 1172.37, 3358.2, 2185.83, 'Mauhau', 13323),
('LOGISTIC & HANDLING SERVIC', 1172.37, 0, 1172.37, 3358.2, 2185.83, 'Mauhau', 13323),
('6001014170  DIVING & MARIN', 12171.9, 23673.5, 35845.4, 85625.2, 49779.8, 'Mauhau', 13323),
('ENGINEERING SERVICES', 12171.9, 23673.5, 35845.4, 85625.2, 49779.8, 'Mauhau', 13323),
('6001010100  COMPUTER RENTA', 0, 0, 0, 25.37, 25.37, 'Mauhau', 13323),
('IT & TELECOM SERVICES', 0, 0, 0, 25.37, 25.37, 'Mauhau', 13323),
('6001022160  OTHER PROFESSI', 27239.5, 13015, 40254.5, 45089.6, 4835.14, 'Mauhau', 13323),
('6001022190  SURVEYOR EXPEN', 5713.82, 0, 5713.82, 10406.4, 4692.58, 'Mauhau', 13323),
('6001020100  CERTIFICATE', 1991.77, 365.74, 2357.51, 5060, 2702.49, 'Mauhau', 13323),
('PROFESSIONAL SERVICES', 34945.1, 13380.8, 48325.8, 60556, 12230.2, 'Mauhau', 13323),
('6001022240  FOOD&CATERING', 64908.4, 22378.3, 87286.8, 102682, 15394.7, 'Mauhau', 13323),
('GENERAL SERVICES', 64908.4, 22378.3, 87286.8, 102682, 15394.7, 'Mauhau', 13323),
('SERVICES', 113198, 59432.6, 172630, 252246, 79615.9, 'Mauhau', 13323),
('6001090100  CHARGES OF POR', 20345.4, 2288.7, 22634.1, 72042.8, 49408.8, 'Mauhau', 13323),
('PENALTY,FINES,CLAIM,CHARGE', 20345.4, 2288.7, 22634.1, 72042.8, 49408.8, 'Mauhau', 13323),
('FINANCIAL EXPENSES', 20345.4, 2288.7, 22634.1, 72042.8, 49408.8, 'Mauhau', 13323),
('6001019250  INSUR PREM MRN', 33214.6, 0, 33214.6, 42255.4, 9040.78, 'Mauhau', 13323),
('PREMIUM', 33214.6, 0, 33214.6, 42255.4, 9040.78, 'Mauhau', 13323),
('INSURANCE EXPENSES', 33214.6, 0, 33214.6, 42255.4, 9040.78, 'Mauhau', 13323),
('6002002100  DEPRE-VESSEL', 339912, 0, 339912, 552356, 212445, 'Mauhau', 13323),
('6002002200  DEPRE-VESSEL-D', 91867.6, 0, 91867.6, 39058.9, -52808.7, 'Mauhau', 13323),
('6002006210  DEPRECIATION P', 33915.7, 0, 33915.7, 0, -33915.7, 'Mauhau', 13323),
('DEPRECIATION, DEPLETION &', 465695, 0, 465695, 591415, 125721, 'Mauhau', 13323),
('Over/Underabsorption', 1452480, 185526, 1638000, 2120260, 482259, 'Mauhau', 13323),
('6001006100  SALARIES AND W', 85561, 0, 85561, 130826, 45264.6, 'Merauke', 13323),
('6001017110  TAX ALLOWANCE', 22998, 0, 22998, 40287.4, 17289.4, 'Merauke', 13323),
('6001007100  EMPLOYEE FEIST', 4526.3, 0, 4526.3, 33246.7, 28720.4, 'Merauke', 13323),
('6001007170  EMPLOYEE ALLOW', 101497, 0, 101497, 198078, 96580.4, 'Merauke', 13323),
('6001007180  COMP CONTR JAM', 602.76, 0, 602.76, 14967.2, 14364.5, 'Merauke', 13323),
('6001007200  COMPANY CONTRI', 3283.71, 0, 3283.71, 1002.24, -2281.47, 'Merauke', 13323),
('6001007210  COMPANY CONTRI', 910.18, 0, 910.18, 1113.6, 203.42, 'Merauke', 13323),
('6001007110  EMPLOYEE INCEN', 10645.1, 0, 10645.1, 17327.7, 6682.58, 'Merauke', 13323),
('6001007111  EMPLOYEE BONUS', 2761.23, 0, 2761.23, 7134.77, 4373.54, 'Merauke', 13323),
('PAYROLL RELATED', 232786, 0, 232786, 443983, 211197, 'Merauke', 13323),
('6001007250  PRE-RETIRE BEN', 1623.23, 0, 1623.23, 0, -1623.23, 'Merauke', 13323),
('EMPLOYEE BENEFIT', 1623.23, 0, 1623.23, 0, -1623.23, 'Merauke', 13323),
('6001007220  ACTIVE EMPLOYE', 489.09, 0, 489.09, 0, -489.09, 'Merauke', 13323),
('MEDICAL EXPENSES', 489.09, 0, 489.09, 0, -489.09, 'Merauke', 13323),
('6001008100  EMPLOYEE TRAVE', 8295.33, 2973.6, 11268.9, 15349.6, 4080.71, 'Merauke', 13323),
('TRAVEL EXPENSES', 8295.33, 2973.6, 11268.9, 15349.6, 4080.71, 'Merauke', 13323),
('MAN POWER RELATED', 243193, 2973.6, 246167, 459333, 213166, 'Merauke', 13323),
('6001011152  F&P CON PROD-O', 389776, 74068.9, 463845, 547886, 84041.4, 'Merauke', 13323),
('OWN USE PRODUCTIVE', 389776, 74068.9, 463845, 547886, 84041.4, 'Merauke', 13323),
('OWN USE CONSUMED', 389776, 74068.9, 463845, 547886, 84041.4, 'Merauke', 13323),
('6001014110  FACILITY MAINT', 15742.8, 5818.11, 21560.9, 29082.4, 7521.53, 'Merauke', 13323),
('MAINTENANCE SERVICES', 15742.8, 5818.11, 21560.9, 29082.4, 7521.53, 'Merauke', 13323),
('6001013120  TRSPRT MATRL &', 972.33, 6385.56, 7357.89, 16059.6, 8701.71, 'Merauke', 13323),
('6001013130  MAC ACCES INST', 25673.6, 136433, 162106, 171438, 9331.9, 'Merauke', 13323),
('MATERIAL SERVICES 1', 26645.9, 142818, 169464, 187498, 18033.6, 'Merauke', 13323),
('MAINTENANCE', 42388.7, 148636, 191025, 216580, 25555.1, 'Merauke', 13323),
('6001011110  WATER EXPENSE', 0, 1043.24, 1043.24, 17257.2, 16214, 'Merauke', 13323),
('AUXILARIES', 0, 1043.24, 1043.24, 17257.2, 16214, 'Merauke', 13323),
('6001013210  PAINTS, OILS,', 21748.6, 0, 21748.6, 66220.8, 44472.2, 'Merauke', 13323),
('6001013230  HOUSHLD FIRE &', 0, 5435, 5435, 12277.1, 6842.12, 'Merauke', 13323),
('OTHER MATERIAL', 21748.6, 5435, 27183.6, 78497.9, 51314.4, 'Merauke', 13323),
('MATERIAL CONSUMED', 21748.6, 6478.24, 28226.8, 95755.1, 67528.3, 'Merauke', 13323),
('6001016120  LOGISTICS EXPE', 1214.81, 0, 1214.81, 3358.2, 2143.39, 'Merauke', 13323),
('LOGISTIC & HANDLING SERVIC', 1214.81, 0, 1214.81, 3358.2, 2143.39, 'Merauke', 13323),
('6001014170  DIVING & MARIN', 41609.7, 5119.09, 46728.8, 72287.2, 25558.4, 'Merauke', 13323),
('ENGINEERING SERVICES', 41609.7, 5119.09, 46728.8, 72287.2, 25558.4, 'Merauke', 13323),
('6001010100  COMPUTER RENTA', 0, 0, 0, 25.37, 25.37, 'Merauke', 13323),
('IT & TELECOM SERVICES', 0, 0, 0, 25.37, 25.37, 'Merauke', 13323),
('6001022160  OTHER PROFESSI', 8145.69, 8762.64, 16908.3, 28074.7, 11166.4, 'Merauke', 13323),
('6001022190  SURVEYOR EXPEN', 1194.62, 0, 1194.62, 4222.8, 3028.18, 'Merauke', 13323),
('6001020100  CERTIFICATE', 3009.68, 871.09, 3880.77, 5396, 1515.23, 'Merauke', 13323),
('PROFESSIONAL SERVICES', 12350, 9633.73, 21983.7, 37693.5, 15709.8, 'Merauke', 13323),
('6001022240  FOOD&CATERING', 74601.2, 11926.6, 86527.8, 102682, 16153.7, 'Merauke', 13323),
('GENERAL SERVICES', 74601.2, 11926.6, 86527.8, 102682, 16153.7, 'Merauke', 13323),
('SERVICES', 129776, 26679.4, 156455, 216046, 59590.7, 'Merauke', 13323),
('6001090100  CHARGES OF POR', 44084, 7536.97, 51621, 77041.9, 25420.9, 'Merauke', 13323),
('PENALTY,FINES,CLAIM,CHARGE', 44084, 7536.97, 51621, 77041.9, 25420.9, 'Merauke', 13323),
('FINANCIAL EXPENSES', 44084, 7536.97, 51621, 77041.9, 25420.9, 'Merauke', 13323),
('6001019250  INSUR PREM MRN', 32839.1, 0, 32839.1, 41644.2, 8805.08, 'Merauke', 13323),
('PREMIUM', 32839.1, 0, 32839.1, 41644.2, 8805.08, 'Merauke', 13323),
('INSURANCE EXPENSES', 32839.1, 0, 32839.1, 41644.2, 8805.08, 'Merauke', 13323),
('6002002100  DEPRE-VESSEL', 338429, 0, 338429, 549947, 211518, 'Merauke', 13323),
('6002002200  DEPRE-VESSEL-D', 19796.7, 0, 19796.7, 32169.7, 12373, 'Merauke', 13323),
('DEPRECIATION, DEPLETION &', 358226, 0, 358226, 582117, 223891, 'Merauke', 13323),
('Over/Underabsorption', 1262030, 266374, 1528400, 2236400, 707998, 'Merauke', 13323),
('6001006100  SALARIES AND W', 103302, 0, 103302, 159704, 56401.6, 'Kamojang', 13323),
('6001017110  TAX ALLOWANCE', 14813.9, 0, 14813.9, 49817.1, 35003.2, 'Kamojang', 13323),
('6001007100  EMPLOYEE FEIST', 657, 0, 657, 41886.6, 41229.6, 'Kamojang', 13323),
('6001007170  EMPLOYEE ALLOW', 122295, 0, 122295, 204961, 82665.4, 'Kamojang', 13323),
('6001007180  COMP CONTR JAM', 721.22, 0, 721.22, 17879.6, 17158.4, 'Kamojang', 13323),
('6001007200  COMPANY CONTRI', 3652.57, 0, 3652.57, 1955.88, -1696.69, 'Kamojang', 13323),
('6001007210  COMPANY CONTRI', 614.93, 0, 614.93, 2173.32, 1558.39, 'Kamojang', 13323),
('6001007110  EMPLOYEE INCEN', -14538.5, 0, -14538.5, 35382.6, 49921.1, 'Kamojang', 13323),
('6001007111  EMPLOYEE BONUS', -11016.7, 0, -11016.7, 13563.4, 24580.1, 'Kamojang', 13323),
('PAYROLL RELATED', 220502, 0, 220502, 527323, 306821, 'Kamojang', 13323),
('6001007250  PRE-RETIRE BEN', 2004.09, 0, 2004.09, 0, -2004.09, 'Kamojang', 13323),
('EMPLOYEE BENEFIT', 2004.09, 0, 2004.09, 0, -2004.09, 'Kamojang', 13323),
('6001007220  ACTIVE EMPLOYE', 1056.89, 0, 1056.89, 0, -1056.89, 'Kamojang', 13323),
('MEDICAL EXPENSES', 1056.89, 0, 1056.89, 0, -1056.89, 'Kamojang', 13323),
('6001008100  EMPLOYEE TRAVE', 8138.77, 2689.51, 10828.3, 15657.5, 4829.24, 'Kamojang', 13323),
('TRAVEL EXPENSES', 8138.77, 2689.51, 10828.3, 15657.5, 4829.24, 'Kamojang', 13323),
('MAN POWER RELATED', 231702, 2689.51, 234391, 542981, 308589, 'Kamojang', 13323),
('6001011152  F&P CON PROD-O', 115292, 2332.19, 117624, 498079, 380454, 'Kamojang', 13323),
('OWN USE PRODUCTIVE', 115292, 2332.19, 117624, 498079, 380454, 'Kamojang', 13323),
('OWN USE CONSUMED', 115292, 2332.19, 117624, 498079, 380454, 'Kamojang', 13323),
('6001014110  FACILITY MAINT', 15871, 5704.71, 21575.8, 29882.4, 8306.69, 'Kamojang', 13323),
('MAINTENANCE SERVICES', 15871, 5704.71, 21575.8, 29882.4, 8306.69, 'Kamojang', 13323),
('6001013120  TRSPRT MATRL &', 4077.98, 5931.36, 10009.3, 16059.6, 6050.26, 'Kamojang', 13323),
('6001013130  MAC ACCES INST', 399374, 95935.3, 495310, 515990, 20680.8, 'Kamojang', 13323),
('MATERIAL SERVICES 1', 403452, 101867, 505319, 532050, 26731, 'Kamojang', 13323),
('MAINTENANCE', 419323, 107571, 526895, 561932, 35037.7, 'Kamojang', 13323),
('6001011110  WATER EXPENSE', 6726.64, 0, 6726.64, 18656.4, 11929.8, 'Kamojang', 13323),
('AUXILARIES', 6726.64, 0, 6726.64, 18656.4, 11929.8, 'Kamojang', 13323),
('6001013210  PAINTS, OILS,', 0, 40540.2, 40540.2, 42285.2, 1745, 'Kamojang', 13323),
('6001013230  HOUSHLD FIRE &', 0, 3842.97, 3842.97, 12277.1, 8434.15, 'Kamojang', 13323),
('OTHER MATERIAL', 0, 44383.2, 44383.2, 54562.3, 10179.2, 'Kamojang', 13323),
('MATERIAL CONSUMED', 6726.64, 44383.2, 51109.8, 73218.7, 22108.9, 'Kamojang', 13323),
('6001016120  LOGISTICS EXPE', 1894.82, 2257.33, 4152.15, 4477.59, 325.44, 'Kamojang', 13323),
('LOGISTIC & HANDLING SERVIC', 1894.82, 2257.33, 4152.15, 4477.59, 325.44, 'Kamojang', 13323),
('6001014170  DIVING & MARIN', 13569.1, 42386.2, 55955.3, 81343.2, 25387.9, 'Kamojang', 13323),
('ENGINEERING SERVICES', 13569.1, 42386.2, 55955.3, 81343.2, 25387.9, 'Kamojang', 13323),
('6001010100  COMPUTER RENTA', 0, 0, 0, 25.37, 25.37, 'Kamojang', 13323),
('IT & TELECOM SERVICES', 0, 0, 0, 25.37, 25.37, 'Kamojang', 13323),
('6001022160  OTHER PROFESSI', 7491.16, 8520.44, 16011.6, 26064.7, 10053.1, 'Kamojang', 13323),
('6001022190  SURVEYOR EXPEN', 10215.5, 0, 10215.5, 11760.8, 1545.26, 'Kamojang', 13323),
('6001020100  CERTIFICATE', 1729.37, 2457.94, 4187.31, 7612.4, 3425.09, 'Kamojang', 13323),
('PROFESSIONAL SERVICES', 19436.1, 10978.4, 30414.4, 45437.9, 15023.5, 'Kamojang', 13323),
('6001022240  FOOD&CATERING', 82198.9, 11797.6, 93996.4, 107682, 13685.1, 'Kamojang', 13323),
('GENERAL SERVICES', 82198.9, 11797.6, 93996.4, 107682, 13685.1, 'Kamojang', 13323),
('SERVICES', 117099, 67419.5, 184518, 238966, 54447.2, 'Kamojang', 13323),
('6001090100  CHARGES OF POR', 10133.6, 1405.45, 11539.1, 81342.8, 69803.8, 'Kamojang', 13323),
('PENALTY,FINES,CLAIM,CHARGE', 10133.6, 1405.45, 11539.1, 81342.8, 69803.8, 'Kamojang', 13323),
('FINANCIAL EXPENSES', 10133.6, 1405.45, 11539.1, 81342.8, 69803.8, 'Kamojang', 13323),
('6001019250  INSUR PREM MRN', 46475.2, 0, 46475.2, 58685.3, 12210.1, 'Kamojang', 13323),
('PREMIUM', 46475.2, 0, 46475.2, 58685.3, 12210.1, 'Kamojang', 13323),
('INSURANCE EXPENSES', 46475.2, 0, 46475.2, 58685.3, 12210.1, 'Kamojang', 13323),
('6002002100  DEPRE-VESSEL', 395969, 0, 395969, 643450, 247481, 'Kamojang', 13323),
('6002002200  DEPRE-VESSEL-D', 79187.7, 0, 79187.7, 128680, 49492.4, 'Kamojang', 13323),
('DEPRECIATION, DEPLETION &', 475157, 0, 475157, 772130, 296973, 'Kamojang', 13323),
('Over/Underabsorption', 1421910, 225801, 1647710, 2827330, 1179620, 'Kamojang', 13323),
('6001006100  SALARIES AND W', 95508.7, 0, 95508.7, 166154, 70645.7, 'Kasim', 13323),
('6001017110  TAX ALLOWANCE', 7653.37, 0, 7653.37, 51778.9, 44125.6, 'Kasim', 13323),
('6001007100  EMPLOYEE FEIST', -3266.89, 0, -3266.89, 42336.4, 45603.3, 'Kasim', 13323),
('6001007170  EMPLOYEE ALLOW', 114307, 0, 114307, 233736, 119429, 'Kasim', 13323),
('6001007180  COMP CONTR JAM', 609.17, 0, 609.17, 18665.3, 18056.1, 'Kasim', 13323),
('6001007200  COMPANY CONTRI', 2455.86, 0, 2455.86, 1070.04, -1385.82, 'Kasim', 13323),
('6001007210  COMPANY CONTRI', 65.91, 0, 65.91, 1188.96, 1123.05, 'Kasim', 13323),
('6001007110  EMPLOYEE INCEN', -7386.24, 0, -7386.24, 20408, 27794.3, 'Kasim', 13323),
('6001007111  EMPLOYEE BONUS', -5133.01, 0, -5133.01, 7232.51, 12365.5, 'Kasim', 13323),
('PAYROLL RELATED', 204814, 0, 204814, 542571, 337757, 'Kasim', 13323),
('6001007250  PRE-RETIRE BEN', 1778.25, 0, 1778.25, 0, -1778.25, 'Kasim', 13323),
('EMPLOYEE BENEFIT', 1778.25, 0, 1778.25, 0, -1778.25, 'Kasim', 13323),
('6001007220  ACTIVE EMPLOYE', 470.45, 0, 470.45, 0, -470.45, 'Kasim', 13323),
('MEDICAL EXPENSES', 470.45, 0, 470.45, 0, -470.45, 'Kasim', 13323),
('6001008100  EMPLOYEE TRAVE', 9141.68, 3016, 12157.7, 17297.5, 5139.84, 'Kasim', 13323),
('TRAVEL EXPENSES', 9141.68, 3016, 12157.7, 17297.5, 5139.84, 'Kasim', 13323),
('MAN POWER RELATED', 216205, 3016, 219221, 559868, 340648, 'Kasim', 13323),
('6001011152  F&P CON PROD-O', 578670, 0, 578670, 803421, 224750, 'Kasim', 13323),
('OWN USE PRODUCTIVE', 578670, 0, 578670, 803421, 224750, 'Kasim', 13323),
('OWN USE CONSUMED', 578670, 0, 578670, 803421, 224750, 'Kasim', 13323),
('6001014110  FACILITY MAINT', 16025.3, 5549.91, 21575.2, 29882.4, 8307.23, 'Kasim', 13323),
('MAINTENANCE SERVICES', 16025.3, 5549.91, 21575.2, 29882.4, 8307.23, 'Kasim', 13323),
('6001013120  TRSPRT MATRL &', 3632.78, 4569.68, 8202.46, 36059.6, 27857.1, 'Kasim', 13323),
('6001013130  MAC ACCES INST', 102119, 24318.2, 126437, 163718, 37280.2, 'Kasim', 13323),
('MATERIAL SERVICES 1', 105752, 28887.8, 134640, 199777, 65137.4, 'Kasim', 13323),
('MAINTENANCE', 121777, 34437.7, 156215, 229660, 73444.6, 'Kasim', 13323),
('6001011110  WATER EXPENSE', 16005.7, 0, 16005.7, 18656.4, 2650.67, 'Kasim', 13323),
('AUXILARIES', 16005.7, 0, 16005.7, 18656.4, 2650.67, 'Kasim', 13323),
('6001013210  PAINTS, OILS,', 19725.7, 16102.2, 35827.9, 71846, 36018.1, 'Kasim', 13323),
('6001013230  HOUSHLD FIRE &', 0, 5435, 5435, 12277.1, 6842.12, 'Kasim', 13323),
('OTHER MATERIAL', 19725.7, 21537.2, 41262.9, 84123.1, 42860.2, 'Kasim', 13323),
('MATERIAL CONSUMED', 35731.4, 21537.2, 57268.6, 102780, 45510.9, 'Kasim', 13323),
('6001016120  LOGISTICS EXPE', 1019.74, 0, 1019.74, 4477.59, 3457.85, 'Kasim', 13323),
('LOGISTIC & HANDLING SERVIC', 1019.74, 0, 1019.74, 4477.59, 3457.85, 'Kasim', 13323),
('6001014170  DIVING & MARIN', 25520.2, 19565.9, 45086, 77881.2, 32795.2, 'Kasim', 13323),
('ENGINEERING SERVICES', 25520.2, 19565.9, 45086, 77881.2, 32795.2, 'Kasim', 13323),
('6001010100  COMPUTER RENTA', 0, 0, 0, 9925.37, 9925.37, 'Kasim', 13323),
('IT & TELECOM SERVICES', 0, 0, 0, 9925.37, 9925.37, 'Kasim', 13323),
('6001022160  OTHER PROFESSI', 11576.4, 7947.24, 19523.6, 28074.7, 8551.12, 'Kasim', 13323),
('6001022190  SURVEYOR EXPEN', 0, 0, 0, 30252.4, 30252.4, 'Kasim', 13323),
('6001020100  CERTIFICATE', 3575.4, 4959.13, 8534.53, 14612.4, 6077.87, 'Kasim', 13323),
('PROFESSIONAL SERVICES', 15151.8, 12906.4, 28058.1, 72939.5, 44881.4, 'Kasim', 13323),
('6001022240  FOOD&CATERING', 81695.1, 12053.8, 93748.9, 107682, 13932.6, 'Kasim', 13323),
('GENERAL SERVICES', 81695.1, 12053.8, 93748.9, 107682, 13932.6, 'Kasim', 13323),
('SERVICES', 123387, 44526.1, 167913, 272905, 104992, 'Kasim', 13323),
('6001090100  CHARGES OF POR', 21248.4, 1449.86, 22698.2, 104668, 81969.6, 'Kasim', 13323),
('PENALTY,FINES,CLAIM,CHARGE', 21248.4, 1449.86, 22698.2, 104668, 81969.6, 'Kasim', 13323),
('FINANCIAL EXPENSES', 21248.4, 1449.86, 22698.2, 104668, 81969.6, 'Kasim', 13323),
('6001019250  INSUR PREM MRN', 45084.6, 0, 45084.6, 57594, 12509.4, 'Kasim', 13323),
('PREMIUM', 45084.6, 0, 45084.6, 57594, 12509.4, 'Kasim', 13323),
('INSURANCE EXPENSES', 45084.6, 0, 45084.6, 57594, 12509.4, 'Kasim', 13323),
('6002002100  DEPRE-VESSEL', 422112, 0, 422112, 685932, 263820, 'Kasim', 13323),
('6002002200  DEPRE-VESSEL-D', 27016.5, 0, 27016.5, 43901.8, 16885.3, 'Kasim', 13323),
('DEPRECIATION, DEPLETION &', 449128, 0, 449128, 729833, 280705, 'Kasim', 13323),
('Over/Underabsorption', 1591230, 104967, 1696200, 2860730, 1164530, 'Kasim', 13323),
('6001006100  SALARIES AND W', 95441.3, 0, 95441.3, 180047, 84606, 'Kakap', 13323),
('6001017110  TAX ALLOWANCE', 20467.2, 0, 20467.2, 52773.7, 32306.5, 'Kakap', 13323),
('6001007100  EMPLOYEE FEIST', 2255.41, 0, 2255.41, 45802.1, 43546.7, 'Kakap', 13323),
('6001007170  EMPLOYEE ALLOW', 111135, 0, 111135, 233785, 122651, 'Kakap', 13323),
('6001007180  COMP CONTR JAM', 668.25, 0, 668.25, 20053.2, 19384.9, 'Kakap', 13323),
('6001007200  COMPANY CONTRI', 3457.48, 0, 3457.48, 1571.4, -1886.08, 'Kakap', 13323),
('6001007210  COMPANY CONTRI', 825.78, 0, 825.78, 1746, 920.22, 'Kakap', 13323),
('6001007110  EMPLOYEE INCEN', 1915.51, 0, 1915.51, 27801.7, 25886.2, 'Kakap', 13323),
('6001007111  EMPLOYEE BONUS', -1768.81, 0, -1768.81, 10951.2, 12720, 'Kakap', 13323),
('PAYROLL RELATED', 234397, 0, 234397, 574532, 340135, 'Kakap', 13323),
('6001007250  PRE-RETIRE BEN', 1774.3, 0, 1774.3, 0, -1774.3, 'Kakap', 13323),
('EMPLOYEE BENEFIT', 1774.3, 0, 1774.3, 0, -1774.3, 'Kakap', 13323),
('6001007220  ACTIVE EMPLOYE', 106.74, 0, 106.74, 0, -106.74, 'Kakap', 13323),
('MEDICAL EXPENSES', 106.74, 0, 106.74, 0, -106.74, 'Kakap', 13323),
('6001008100  EMPLOYEE TRAVE', 7290.44, 2893.78, 10184.2, 15315.6, 5131.42, 'Kakap', 13323),
('TRAVEL EXPENSES', 7290.44, 2893.78, 10184.2, 15315.6, 5131.42, 'Kakap', 13323),
('MAN POWER RELATED', 243568, 2893.78, 246462, 589848, 343385, 'Kakap', 13323),
('6001011152  F&P CON PROD-O', 394637, 357780, 752417, 698079, -54338.7, 'Kakap', 13323),
('OWN USE PRODUCTIVE', 394637, 357780, 752417, 698079, -54338.7, 'Kakap', 13323),
('OWN USE CONSUMED', 394637, 357780, 752417, 698079, -54338.7, 'Kakap', 13323),
('6001014110  FACILITY MAINT', 14333.1, 7392.43, 21725.5, 25522.4, 3796.94, 'Kakap', 13323),
('MAINTENANCE SERVICES', 14333.1, 7392.43, 21725.5, 25522.4, 3796.94, 'Kakap', 13323),
('6001013120  TRSPRT MATRL &', 2883.25, 4435.89, 7319.14, 16059.6, 8740.46, 'Kakap', 13323),
('6001013130  MAC ACCES INST', 137302, 22135.3, 159438, 159609, 170.87, 'Kakap', 13323),
('MATERIAL SERVICES 1', 140186, 26571.2, 166757, 175668, 8911.33, 'Kakap', 13323),
('MAINTENANCE', 154519, 33963.6, 188482, 201191, 12708.3, 'Kakap', 13323),
('6001011110  WATER EXPENSE', 0, 0, 0, 18656.4, 18656.4, 'Kakap', 13323),
('AUXILARIES', 0, 0, 0, 18656.4, 18656.4, 'Kakap', 13323),
('6001013210  PAINTS, OILS,', 45722, 0, 45722, 73092, 27370, 'Kakap', 13323),
('6001013230  HOUSHLD FIRE &', 0, 3842.97, 3842.97, 12277.1, 8434.15, 'Kakap', 13323),
('OTHER MATERIAL', 45722, 3842.97, 49565, 85369.1, 35804.1, 'Kakap', 13323),
('MATERIAL CONSUMED', 45722, 3842.97, 49565, 104026, 54460.6, 'Kakap', 13323),
('6001016120  LOGISTICS EXPE', 1176.47, 0, 1176.47, 4477.59, 3301.12, 'Kakap', 13323),
('LOGISTIC & HANDLING SERVIC', 1176.47, 0, 1176.47, 4477.59, 3301.12, 'Kakap', 13323),
('6001014170  DIVING & MARIN', 69730.5, 34869.7, 104600, 116650, 12049.4, 'Kakap', 13323),
('ENGINEERING SERVICES', 69730.5, 34869.7, 104600, 116650, 12049.4, 'Kakap', 13323),
('6001010100  COMPUTER RENTA', 0, 0, 0, 25.37, 25.37, 'Kakap', 13323),
('IT & TELECOM SERVICES', 0, 0, 0, 25.37, 25.37, 'Kakap', 13323),
('6001022160  OTHER PROFESSI', 27904.6, 8854.04, 36758.6, 47089.6, 10331, 'Kakap', 13323),
('6001022190  SURVEYOR EXPEN', 2689.38, 2862.2, 5551.58, 8078, 2526.42, 'Kakap', 13323),
('6001020100  CERTIFICATE', 1880.09, 2457.94, 4338.03, 5283.2, 945.17, 'Kakap', 13323),
('PROFESSIONAL SERVICES', 32474, 14174.2, 46648.2, 60450.8, 13802.6, 'Kakap', 13323),
('6001022240  FOOD&CATERING', 71906.6, 24723.4, 96630.1, 108874, 12244.4, 'Kakap', 13323),
('GENERAL SERVICES', 71906.6, 24723.4, 96630.1, 108874, 12244.4, 'Kakap', 13323),
('SERVICES', 175288, 73767.3, 249055, 290478, 41422.9, 'Kakap', 13323),
('6001090100  CHARGES OF POR', 35827.4, 2008.47, 37835.9, 79385.5, 41549.7, 'Kakap', 13323),
('PENALTY,FINES,CLAIM,CHARGE', 35827.4, 2008.47, 37835.9, 79385.5, 41549.7, 'Kakap', 13323),
('FINANCIAL EXPENSES', 35827.4, 2008.47, 37835.9, 79385.5, 41549.7, 'Kakap', 13323),
('6001019250  INSUR PREM MRN', 46895.3, 0, 46895.3, 59861.2, 12965.9, 'Kakap', 13323),
('PREMIUM', 46895.3, 0, 46895.3, 59861.2, 12965.9, 'Kakap', 13323),
('INSURANCE EXPENSES', 46895.3, 0, 46895.3, 59861.2, 12965.9, 'Kakap', 13323),
('6002002100  DEPRE-VESSEL', 382090, 0, 382090, 620896, 238806, 'Kakap', 13323),
('6002002200  DEPRE-VESSEL-D', 62711.1, 0, 62711.1, 28071.6, -34639.5, 'Kakap', 13323),
('6002006210  DEPRECIATION P', 51093.4, 0, 51093.4, 0, -51093.4, 'Kakap', 13323),
('DEPRECIATION, DEPLETION &', 495894, 0, 495894, 648967, 153073, 'Kakap', 13323),
('Over/Underabsorption', 1592350, 474256, 2066610, 2671830, 605227, 'Kakap', 13323),
('6001006100  SALARIES AND W', 0, 0, 0, 189590, 189590, 'Parigi', 13323),
('6001017110  TAX ALLOWANCE', 0, 0, 0, 92114.9, 92114.9, 'Parigi', 13323),
('6001007100  EMPLOYEE FEIST', -10173.5, 0, -10173.5, 47787.5, 57961.1, 'Parigi', 13323),
('6001007170  EMPLOYEE ALLOW', 0, 0, 0, 259356, 259356, 'Parigi', 13323),
('6001007180  COMP CONTR JAM', 0, 0, 0, 18540.7, 18540.7, 'Parigi', 13323),
('6001007200  COMPANY CONTRI', 0, 0, 0, 4083, 4083, 'Parigi', 13323),
('6001007210  COMPANY CONTRI', 0, 0, 0, 4536.6, 4536.6, 'Parigi', 13323),
('6001007110  EMPLOYEE INCEN', 0, 0, 0, 75726.8, 75726.8, 'Parigi', 13323),
('6001007111  EMPLOYEE BONUS', 0, 0, 0, 28168.3, 28168.3, 'Parigi', 13323),
('PAYROLL RELATED', -10173.5, 0, -10173.5, 719904, 730078, 'Parigi', 13323),
('6001008100  EMPLOYEE TRAVE', 17653.3, 1759.61, 19412.9, 23362.8, 3949.81, 'Parigi', 13323),
('TRAVEL EXPENSES', 17653.3, 1759.61, 19412.9, 23362.8, 3949.81, 'Parigi', 13323),
('MAN POWER RELATED', 7479.81, 1759.61, 9239.42, 743267, 734027, 'Parigi', 13323),
('6001011152  F&P CON PROD-O', 168598, 1620.83, 170219, 320000, 149781, 'Parigi', 13323),
('OWN USE PRODUCTIVE', 168598, 1620.83, 170219, 320000, 149781, 'Parigi', 13323),
('OWN USE CONSUMED', 168598, 1620.83, 170219, 320000, 149781, 'Parigi', 13323),
('6001014110  FACILITY MAINT', 16679.5, 5790.56, 22470.1, 22880.6, 410.54, 'Parigi', 13323),
('MAINTENANCE SERVICES', 16679.5, 5790.56, 22470.1, 22880.6, 410.54, 'Parigi', 13323),
('6001013120  TRSPRT MATRL &', 3167.65, 1413.76, 4581.41, 15940.8, 11359.4, 'Parigi', 13323),
('6001013130  MAC ACCES INST', 34686.4, 18439.7, 53126.1, 109268, 56141.4, 'Parigi', 13323),
('MATERIAL SERVICES 1', 37854, 19853.5, 57707.5, 125208, 67500.8, 'Parigi', 13323),
('MAINTENANCE', 54533.5, 25644.1, 80177.6, 148089, 67911.4, 'Parigi', 13323),
('6001011110  WATER EXPENSE', 1894.04, 0, 1894.04, 30316.8, 28422.8, 'Parigi', 13323),
('AUXILARIES', 1894.04, 0, 1894.04, 30316.8, 28422.8, 'Parigi', 13323),
('6001013210  PAINTS, OILS,', 36775.5, 11559.1, 48334.6, 98830, 50495.4, 'Parigi', 13323),
('6001013230  HOUSHLD FIRE &', 0, 5435, 5435, 12277.1, 6842.12, 'Parigi', 13323),
('OTHER MATERIAL', 36775.5, 16994.1, 53769.6, 111107, 57337.6, 'Parigi', 13323),
('MATERIAL CONSUMED', 38669.5, 16994.1, 55663.6, 141424, 85760.3, 'Parigi', 13323),
('6001016120  LOGISTICS EXPE', 2141.09, 0, 2141.09, 5597.01, 3455.92, 'Parigi', 13323),
('LOGISTIC & HANDLING SERVIC', 2141.09, 0, 2141.09, 5597.01, 3455.92, 'Parigi', 13323),
('6001014170  DIVING & MARIN', 7590.27, 0, 7590.27, 139701, 132111, 'Parigi', 13323),
('ENGINEERING SERVICES', 7590.27, 0, 7590.27, 139701, 132111, 'Parigi', 13323),
('6001010100  COMPUTER RENTA', 0, 0, 0, 9925.37, 9925.37, 'Parigi', 13323),
('IT & TELECOM SERVICES', 0, 0, 0, 9925.37, 9925.37, 'Parigi', 13323),
('6001022160  OTHER PROFESSI', 2942.38, 13175.1, 16117.5, 26166.7, 10049.2, 'Parigi', 13323),
('6001022190  SURVEYOR EXPEN', 0, 0, 0, 4850.4, 4850.4, 'Parigi', 13323),
('6001020100  CERTIFICATE', 2286.15, 680.36, 2966.51, 5730.8, 2764.29, 'Parigi', 13323),
('PROFESSIONAL SERVICES', 5228.53, 13855.5, 19084, 36747.9, 17663.9, 'Parigi', 13323),
('6001022240  FOOD&CATERING', 77316.6, 13886.4, 91203.1, 112518, 21315.2, 'Parigi', 13323),
('GENERAL SERVICES', 77316.6, 13886.4, 91203.1, 112518, 21315.2, 'Parigi', 13323),
('SERVICES', 92276.5, 27741.9, 120018, 304490, 184471, 'Parigi', 13323),
('6001090100  CHARGES OF POR', 36597.6, 203.18, 36800.8, 95249.2, 58448.4, 'Parigi', 13323),
('PENALTY,FINES,CLAIM,CHARGE', 36597.6, 203.18, 36800.8, 95249.2, 58448.4, 'Parigi', 13323),
('FINANCIAL EXPENSES', 36597.6, 203.18, 36800.8, 95249.2, 58448.4, 'Parigi', 13323),
('6001019250  INSUR PREM MRN', 51630.4, 3231.94, 54862.3, 180917, 126054, 'Parigi', 13323),
('PREMIUM', 51630.4, 3231.94, 54862.3, 180917, 126054, 'Parigi', 13323),
('INSURANCE EXPENSES', 51630.4, 3231.94, 54862.3, 180917, 126054, 'Parigi', 13323),
('6002002100  DEPRE-VESSEL', 311576, 0, 311576, 0, -311576, 'Parigi', 13323),
('6002002200  DEPRE-VESSEL-D', 0, 0, 0, 623106, 623106, 'Parigi', 13323),
('DEPRECIATION, DEPLETION &', 311576, 0, 311576, 623106, 311530, 'Parigi', 13323),
('Over/Underabsorption', 761362, 77195.6, 838557, 2556540, 1717980, 'Parigi', 13323),
('6001006100  SALARIES AND W', 0, 0, 0, 167913, 167913, 'Pattimura', 13323),
('6001017110  TAX ALLOWANCE', 0, 0, 0, 78485.6, 78485.6, 'Pattimura', 13323),
('6001007100  EMPLOYEE FEIST', -10173.5, 0, -10173.5, 42448.1, 52621.6, 'Pattimura', 13323),
('6001007170  EMPLOYEE ALLOW', 0, 0, 0, 231263, 231263, 'Pattimura', 13323),
('6001007180  COMP CONTR JAM', 0, 0, 0, 16766.5, 16766.5, 'Pattimura', 13323),
('6001007200  COMPANY CONTRI', 0, 0, 0, 3300.84, 3300.84, 'Pattimura', 13323),
('6001007210  COMPANY CONTRI', 0, 0, 0, 3667.56, 3667.56, 'Pattimura', 13323),
('6001007110  EMPLOYEE INCEN', 0, 0, 0, 62701, 62701, 'Pattimura', 13323),
('6001007111  EMPLOYEE BONUS', 0, 0, 0, 23067.8, 23067.8, 'Pattimura', 13323),
('PAYROLL RELATED', -10173.5, 0, -10173.5, 629614, 639787, 'Pattimura', 13323),
('6001008100  EMPLOYEE TRAVE', 0, 0, 0, 162.76, 162.76, 'Pattimura', 13323),
('TRAVEL EXPENSES', 0, 0, 0, 162.76, 162.76, 'Pattimura', 13323),
('MAN POWER RELATED', -10173.5, 0, -10173.5, 629777, 639950, 'Pattimura', 13323),
('6001011152  F&P CON PROD-O', 0, 0, 0, 0, 0, 'Pattimura', 13323),
('OWN USE PRODUCTIVE', 0, 0, 0, 0, 0, 'Pattimura', 13323),
('OWN USE CONSUMED', 0, 0, 0, 0, 0, 'Pattimura', 13323),
('6001014110  FACILITY MAINT', 0, 0, 0, 0.64, 0.64, 'Pattimura', 13323),
('MAINTENANCE SERVICES', 0, 0, 0, 0.64, 0.64, 'Pattimura', 13323),
('6001013120  TRSPRT MATRL &', 0, 0, 0, 5000.8, 5000.8, 'Pattimura', 13323),
('6001013130  MAC ACCES INST', 284.57, 0, 284.57, 30289.5, 30004.9, 'Pattimura', 13323),
('MATERIAL SERVICES 1', 284.57, 0, 284.57, 35290.3, 35005.8, 'Pattimura', 13323),
('MAINTENANCE', 284.57, 0, 284.57, 35291, 35006.4, 'Pattimura', 13323),
('6001011110  WATER EXPENSE', 0, 0, 0, 10000.8, 10000.8, 'Pattimura', 13323),
('AUXILARIES', 0, 0, 0, 10000.8, 10000.8, 'Pattimura', 13323),
('6001013210  PAINTS, OILS,', 0, 0, 0, 10000, 10000, 'Pattimura', 13323),
('6001013230  HOUSHLD FIRE &', 0, 0, 0, 501.12, 501.12, 'Pattimura', 13323),
('OTHER MATERIAL', 0, 0, 0, 10501.1, 10501.1, 'Pattimura', 13323),
('MATERIAL CONSUMED', 0, 0, 0, 20501.9, 20501.9, 'Pattimura', 13323),
('6001016120  LOGISTICS EXPE', 0, 0, 0, 3097.01, 3097.01, 'Pattimura', 13323),
('LOGISTIC & HANDLING SERVIC', 0, 0, 0, 3097.01, 3097.01, 'Pattimura', 13323),
('6001014170  DIVING & MARIN', 0, 0, 0, 13999.2, 13999.2, 'Pattimura', 13323),
('ENGINEERING SERVICES', 0, 0, 0, 13999.2, 13999.2, 'Pattimura', 13323),
('6001010100  COMPUTER RENTA', 0, 0, 0, 9925.37, 9925.37, 'Pattimura', 13323),
('IT & TELECOM SERVICES', 0, 0, 0, 9925.37, 9925.37, 'Pattimura', 13323),
('6001022160  OTHER PROFESSI', 0, 0, 0, 0.72, 0.72, 'Pattimura', 13323),
('6001022190  SURVEYOR EXPEN', 0, 0, 0, 999.4, 999.4, 'Pattimura', 13323),
('6001020100  CERTIFICATE', 0, 0, 0, 999.8, 999.8, 'Pattimura', 13323),
('PROFESSIONAL SERVICES', 0, 0, 0, 1999.92, 1999.92, 'Pattimura', 13323),
('6001022240  FOOD&CATERING', 0, 0, 0, 0.3, 0.3, 'Pattimura', 13323),
('GENERAL SERVICES', 0, 0, 0, 0.3, 0.3, 'Pattimura', 13323),
('SERVICES', 0, 0, 0, 29021.8, 29021.8, 'Pattimura', 13323),
('6001090100  CHARGES OF POR', 3971.84, 0.97, 3972.81, 95249.2, 91276.4, 'Pattimura', 13323),
('PENALTY,FINES,CLAIM,CHARGE', 3971.84, 0.97, 3972.81, 95249.2, 91276.4, 'Pattimura', 13323),
('FINANCIAL EXPENSES', 3971.84, 0.97, 3972.81, 95249.2, 91276.4, 'Pattimura', 13323),
('6001019250  INSUR PREM MRN', 0, 0, 0, 130840, 130840, 'Pattimura', 13323),
('PREMIUM', 0, 0, 0, 130840, 130840, 'Pattimura', 13323),
('INSURANCE EXPENSES', 0, 0, 0, 130840, 130840, 'Pattimura', 13323),
('6002002200  DEPRE-VESSEL-D', 0, 0, 0, 381281, 381281, 'Pattimura', 13323),
('DEPRECIATION, DEPLETION &', 0, 0, 0, 381281, 381281, 'Pattimura', 13323),
('Over/Underabsorption', -5917.12, 0.97, -5916.15, 1321960, 1327880, 'Pattimura', 13323),
('6001006100  SALARIES AND W', 0, 0, 0, 139733, 139733, 'Pasaman', 13323),
('6001017110  TAX ALLOWANCE', 0, 0, 0, 62771.1, 62771.1, 'Pasaman', 13323),
('6001007100  EMPLOYEE FEIST', -10173.5, 0, -10173.5, 34117.4, 44290.9, 'Pasaman', 13323),
('6001007170  EMPLOYEE ALLOW', 0, 0, 0, 183867, 183867, 'Pasaman', 13323),
('6001007180  COMP CONTR JAM', 0, 0, 0, 13845.4, 13845.4, 'Pasaman', 13323),
('6001007200  COMPANY CONTRI', 0, 0, 0, 2986.56, 2986.56, 'Pasaman', 13323),
('6001007210  COMPANY CONTRI', 0, 0, 0, 3318.36, 3318.36, 'Pasaman', 13323),
('6001007110  EMPLOYEE INCEN', 0, 0, 0, 53854.2, 53854.2, 'Pasaman', 13323),
('6001007111  EMPLOYEE BONUS', 0, 0, 0, 21320.7, 21320.7, 'Pasaman', 13323),
('PAYROLL RELATED', -10173.5, 0, -10173.5, 515813, 525987, 'Pasaman', 13323),
('6001008100  EMPLOYEE TRAVE', 9740.65, 904.61, 10645.3, 17162.8, 6517.5, 'Pasaman', 13323),
('TRAVEL EXPENSES', 9740.65, 904.61, 10645.3, 17162.8, 6517.5, 'Pasaman', 13323),
('MAN POWER RELATED', -432.88, 904.61, 471.73, 532976, 532504, 'Pasaman', 13323),
('6001011152  F&P CON PROD-O', 0, 0, 0, 0, 0, 'Pasaman', 13323),
('OWN USE PRODUCTIVE', 0, 0, 0, 0, 0, 'Pasaman', 13323),
('OWN USE CONSUMED', 0, 0, 0, 0, 0, 'Pasaman', 13323),
('6001014110  FACILITY MAINT', 5330.61, 4662.88, 9993.49, 12880.6, 2887.15, 'Pasaman', 13323),
('MAINTENANCE SERVICES', 5330.61, 4662.88, 9993.49, 12880.6, 2887.15, 'Pasaman', 13323),
('6001013120  TRSPRT MATRL &', 0, 0, 0, 4999.8, 4999.8, 'Pasaman', 13323),
('6001013130  MAC ACCES INST', 8859.89, 0, 8859.89, 38864.5, 30004.6, 'Pasaman', 13323),
('MATERIAL SERVICES 1', 8859.89, 0, 8859.89, 43864.3, 35004.4, 'Pasaman', 13323),
('MAINTENANCE', 14190.5, 4662.88, 18853.4, 56745, 37891.6, 'Pasaman', 13323),
('6001011110  WATER EXPENSE', 2813.69, 0, 2813.69, 9999.8, 7186.11, 'Pasaman', 13323),
('AUXILARIES', 2813.69, 0, 2813.69, 9999.8, 7186.11, 'Pasaman', 13323),
('6001013210  PAINTS, OILS,', 0, 24507.9, 24507.9, 30000, 5492.08, 'Pasaman', 13323),
('6001013230  HOUSHLD FIRE &', 11571.5, 1592.03, 13163.5, 22277.1, 9113.57, 'Pasaman', 13323),
('OTHER MATERIAL', 11571.5, 26099.9, 37671.5, 52277.1, 14605.7, 'Pasaman', 13323),
('MATERIAL CONSUMED', 14385.2, 26099.9, 40485.2, 62276.9, 21791.8, 'Pasaman', 13323),
('6001016120  LOGISTICS EXPE', 1978.34, 0, 1978.34, 5597.01, 3618.67, 'Pasaman', 13323),
('LOGISTIC & HANDLING SERVIC', 1978.34, 0, 1978.34, 5597.01, 3618.67, 'Pasaman', 13323),
('6001014170  DIVING & MARIN', 0, 0, 0, 29999.2, 29999.2, 'Pasaman', 13323),
('ENGINEERING SERVICES', 0, 0, 0, 29999.2, 29999.2, 'Pasaman', 13323),
('6001010100  COMPUTER RENTA', 0, 0, 0, 9925.37, 9925.37, 'Pasaman', 13323),
('IT & TELECOM SERVICES', 0, 0, 0, 9925.37, 9925.37, 'Pasaman', 13323),
('6001022160  OTHER PROFESSI', 1027.24, 7153.39, 8180.63, 13074.7, 4894.09, 'Pasaman', 13323),
('6001022190  SURVEYOR EXPEN', 0, 0, 0, 999.4, 999.4, 'Pasaman', 13323),
('6001020100  CERTIFICATE', 0, 0, 0, 999.8, 999.8, 'Pasaman', 13323),
('PROFESSIONAL SERVICES', 1027.24, 7153.39, 8180.63, 15073.9, 6893.29, 'Pasaman', 13323),
('6001022240  FOOD&CATERING', 37052.4, 50186.9, 87239.3, 112518, 25279, 'Pasaman', 13323),
('GENERAL SERVICES', 37052.4, 50186.9, 87239.3, 112518, 25279, 'Pasaman', 13323),
('SERVICES', 40058, 57340.2, 97398.3, 173114, 75715.5, 'Pasaman', 13323),
('6001090100  CHARGES OF POR', 0, 0, 0, 55249.2, 55249.2, 'Pasaman', 13323),
('PENALTY,FINES,CLAIM,CHARGE', 0, 0, 0, 55249.2, 55249.2, 'Pasaman', 13323),
('FINANCIAL EXPENSES', 0, 0, 0, 55249.2, 55249.2, 'Pasaman', 13323),
('6001019250  INSUR PREM MRN', 77045.4, 0, 77045.4, 195084, 118039, 'Pasaman', 13323),
('PREMIUM', 77045.4, 0, 77045.4, 195084, 118039, 'Pasaman', 13323),
('INSURANCE EXPENSES', 77045.4, 0, 77045.4, 195084, 118039, 'Pasaman', 13323),
('6002001100  DEPRE-MOVABLE', 0, 0, 0, 9999.96, 9999.96, 'Pasaman', 13323),
('DEPRECIATION, DEPLETION &', 0, 0, 0, 9999.96, 9999.96, 'Pasaman', 13323),
('Over/Underabsorption', 145246, 89007.7, 234254, 1085440, 851191, 'Pasaman', 13323),
('6001007100  EMPLOYEE FEIST', -10173.5, 0, -10173.5, 0, 10173.5, 'Panjang', 13323),
('PAYROLL RELATED', -10173.5, 0, -10173.5, 0, 10173.5, 'Panjang', 13323),
('6001008100  EMPLOYEE TRAVE', 1527.73, 1473.01, 3000.74, 3000.8, 0.06, 'Panjang', 13323),
('TRAVEL EXPENSES', 1527.73, 1473.01, 3000.74, 3000.8, 0.06, 'Panjang', 13323),
('MAN POWER RELATED', -8645.8, 1473.01, -7172.79, 3000.8, 10173.6, 'Panjang', 13323),
('6001014110  FACILITY MAINT', 0, 0, 0, 0.26, 0.26, 'Panjang', 13323),
('MAINTENANCE SERVICES', 0, 0, 0, 0.26, 0.26, 'Panjang', 13323),
('6001013120  TRSPRT MATRL &', 0, 0, 0, 3499.2, 3499.2, 'Panjang', 13323),
('6001013130  MAC ACCES INST', 284.57, 0, 284.57, 5289.36, 5004.79, 'Panjang', 13323),
('MATERIAL SERVICES 1', 284.57, 0, 284.57, 8788.56, 8503.99, 'Panjang', 13323);
INSERT INTO `detail_kapal` (`cost_element`, `actual`, `commitment`, `alloted`, `plan`, `available`, `kapal`, `kurs`) VALUES
('MAINTENANCE', 284.57, 0, 284.57, 8788.82, 8504.25, 'Panjang', 13323),
('6001011110  WATER EXPENSE', 0, 0, 0, 1999.2, 1999.2, 'Panjang', 13323),
('AUXILARIES', 0, 0, 0, 1999.2, 1999.2, 'Panjang', 13323),
('6001013210  PAINTS, OILS,', 0, 0, 0, 4999.4, 4999.4, 'Panjang', 13323),
('6001013230  HOUSHLD FIRE &', 11571.5, 3842.97, 15414.5, 22277.1, 6862.63, 'Panjang', 13323),
('OTHER MATERIAL', 11571.5, 3842.97, 15414.5, 27276.5, 11862, 'Panjang', 13323),
('MATERIAL CONSUMED', 11571.5, 3842.97, 15414.5, 29275.7, 13861.2, 'Panjang', 13323),
('6001016120  LOGISTICS EXPE', 0, 0, 0, 1865.67, 1865.67, 'Panjang', 13323),
('LOGISTIC & HANDLING SERVIC', 0, 0, 0, 1865.67, 1865.67, 'Panjang', 13323),
('6001014170  DIVING & MARIN', 0, 0, 0, 4999.6, 4999.6, 'Panjang', 13323),
('ENGINEERING SERVICES', 0, 0, 0, 4999.6, 4999.6, 'Panjang', 13323),
('6001010100  COMPUTER RENTA', 0, 0, 0, 9925.37, 9925.37, 'Panjang', 13323),
('IT & TELECOM SERVICES', 0, 0, 0, 9925.37, 9925.37, 'Panjang', 13323),
('6001022160  OTHER PROFESSI', 0, 0, 0, 0.24, 0.24, 'Panjang', 13323),
('6001022190  SURVEYOR EXPEN', 0, 0, 0, 1213.2, 1213.2, 'Panjang', 13323),
('6001020100  CERTIFICATE', 0, 0, 0, 932.4, 932.4, 'Panjang', 13323),
('PROFESSIONAL SERVICES', 0, 0, 0, 2145.84, 2145.84, 'Panjang', 13323),
('6001022240  FOOD&CATERING', 0, 0, 0, 0.8, 0.8, 'Panjang', 13323),
('GENERAL SERVICES', 0, 0, 0, 0.8, 0.8, 'Panjang', 13323),
('SERVICES', 0, 0, 0, 18937.3, 18937.3, 'Panjang', 13323),
('Over/Underabsorption', 3210.29, 5315.98, 8526.27, 60002.6, 51476.4, 'Panjang', 13323);

-- --------------------------------------------------------

--
-- Table structure for table `employee`
--

CREATE TABLE `employee` (
  `kapal` varchar(255) DEFAULT NULL,
  `employee` varchar(255) DEFAULT NULL
) ENGINE=InnoDB DEFAULT CHARSET=latin1;

--
-- Dumping data for table `employee`
--

INSERT INTO `employee` (`kapal`, `employee`) VALUES
('Pandan', 'Wulan'),
('Pelita', 'Adi'),
('Paluh Tabuhan', 'Bambang'),
('Pungut', 'Adi'),
('Pematang', 'Wulan'),
('Mangun Jaya', 'Adi'),
('Menggala', 'Bambang'),
('Minas', 'Bambang'),
('Melahin', 'Wulan'),
('Merbau', 'Dwiyanto'),
('Mundu', 'Dwiyanto'),
('Musi', 'Wulan'),
('Meditran', 'Adi'),
('Matindok', 'Bambang'),
('Mauhau', 'Wulan'),
('Merauke', 'Dwiyanto'),
('Kamojang', 'Adi'),
('Kasim', 'Dwiyanto'),
('Kakap', 'Bambang'),
('Parigi', 'Dwiyanto'),
('Pattimura', 'Bambang'),
('Pasaman', 'Wulan'),
('Panjang', 'Adi');

-- --------------------------------------------------------

--
-- Table structure for table `opex_apex`
--

CREATE TABLE `opex_apex` (
  `kapal` varchar(255) DEFAULT NULL,
  `actual` bigint(22) DEFAULT NULL,
  `commitment` bigint(22) DEFAULT NULL,
  `plan` bigint(22) DEFAULT NULL,
  `available` bigint(22) DEFAULT NULL,
  `curr` varchar(255) DEFAULT NULL,
  `cost_center` varchar(255) DEFAULT NULL,
  `curr_usd` varchar(5) DEFAULT NULL,
  `actual_usd` bigint(20) DEFAULT NULL,
  `available_usd` bigint(20) DEFAULT NULL,
  `commitment_usd` bigint(20) DEFAULT NULL,
  `plan_usd` bigint(20) DEFAULT NULL
) ENGINE=InnoDB DEFAULT CHARSET=latin1;

--
-- Dumping data for table `opex_apex`
--

INSERT INTO `opex_apex` (`kapal`, `actual`, `commitment`, `plan`, `available`, `curr`, `cost_center`, `curr_usd`, `actual_usd`, `available_usd`, `commitment_usd`, `plan_usd`) VALUES
('Pandan', 3030832083, 1644408195, 5776039564, 1100799286, 'IDR', 'A1404006', 'USD', 227489, 82624, 123426, 433539),
('Pelita', 3338856246, 2688583398, 7054129343, 1026689698, 'IDR', 'A1404029', 'USD', 250608, 77061, 201800, 529470),
('Paluh Tabuhan', 5285802059, 2923948049, 9761484449, 1551734340, 'IDR', 'A1404023', 'USD', 396743, 116470, 219466, 732679),
('Pungut', 3375455193, 1635365609, 5994449898, 983629096, 'IDR', 'A1404024', 'USD', 253355, 73829, 122748, 449932),
('Pematang', 1545497044, 3725523413, 7303585997, 2032565540, 'IDR', 'A1404025', 'USD', 116002, 152561, 279631, 548194),
('Mangun Jaya', 2217643194, 1332045664, 5345923563, 1796234705, 'IDR', 'A1404007', 'USD', 166452, 134822, 99981, 401255),
('Menggala', 2553518821, 1790971720, 5348177814, 1003687272, 'IDR', 'A1404008', 'USD', 191662, 75335, 134427, 401424),
('Minas', 3405197592, 1788300992, 6120823882, 927325299, 'IDR', 'A1404009', 'USD', 255588, 69603, 134227, 459418),
('Melahin', 5116205066, 920973026, 7763591883, 1726413792, 'IDR', 'A1404010', 'USD', 384013, 129581, 69127, 582721),
('Merbau', 1959017650, 3958160313, 7634528784, 1717350821, 'IDR', 'A1404011', 'USD', 147040, 128901, 297092, 573034),
('Mundu', 2440699124, 1413509414, 6645661085, 2791452546, 'IDR', 'A1404012', 'USD', 183194, 209521, 106095, 498811),
('Musi', 2383049171, 138352827, 4393252322, 1871850324, 'IDR', 'A1404054', 'USD', 178867, 140498, 10385, 329749),
('Meditran', 936355895, 750367881, 2863418063, 1176694288, 'IDR', 'A1404055', 'USD', 70281, 88321, 56321, 214923),
('Matindok', 4387263767, 1218136412, 6635968336, 1030568157, 'IDR', 'A1404056', 'USD', 329300, 77353, 91431, 498084),
('Mauhau', 2159377185, 1103496127, 4601281907, 1338408596, 'IDR', 'A1404057', 'USD', 162079, 100459, 82826, 345364),
('Merauke', 1255138913, 1996474466, 4701444221, 1449830843, 'IDR', 'A1404058', 'USD', 94208, 108822, 149852, 352882),
('Kamojang', 5804736240, 2494745206, 9242270085, 942788639, 'IDR', 'A1404052', 'USD', 435693, 70764, 187251, 693708),
('Kasim', 2272622951, 926149278, 5502740069, 2303967840, 'IDR', 'A1404069', 'USD', 170579, 172932, 69515, 413026),
('Kakap', 3466746921, 889456936, 5294925250, 938721393, 'IDR', 'A1404059', 'USD', 260208, 70459, 66761, 397427),
('Parigi', 1151106534, 427573973, 5390985679, 3812305172, 'IDR', 'A1404091', 'USD', 86400, 286145, 32093, 404638),
('Pattimura', 3791326, 0, 949790275, 945998949, 'IDR', 'A1404090', 'USD', 285, 71005, 0, 71290),
('Pasaman', 155527106, 0, 1543636354, 1061590229, 'IDR', 'A1404092', 'USD', 11674, 79681, 0, 115863),
('Panjang', 3791326, 0, 305527832, 301736506, 'IDR', 'A1404099', 'USD', 285, 22648, 0, 22932),
('', 58248231408, 33766542899, 126173636656, 33832343331, 'IDR', '', '', 0, 0, 0, 0);

-- --------------------------------------------------------

--
-- Table structure for table `purchase_request`
--

CREATE TABLE `purchase_request` (
  `kapal` varchar(255) DEFAULT NULL,
  `cost_center` varchar(2000) DEFAULT NULL,
  `status_part` varchar(255) DEFAULT NULL,
  `cost_element` varchar(20) DEFAULT NULL,
  `pr_number` varchar(20) DEFAULT NULL,
  `pr_date` date DEFAULT NULL,
  `po_number` varchar(20) DEFAULT NULL,
  `po_date` date DEFAULT NULL,
  `sa_number` varchar(20) DEFAULT NULL,
  `tanggal` varchar(20) DEFAULT NULL,
  `nilai` bigint(20) DEFAULT NULL,
  `deskripsi` varchar(2000) DEFAULT NULL,
  `technical_superintendent` varchar(2000) DEFAULT NULL,
  `tgl_proses` varchar(255) DEFAULT NULL,
  `requestor` varchar(255) DEFAULT NULL,
  `cost_element_desc` varchar(2000) DEFAULT NULL,
  `FRL_MD_MM_2018` varchar(2000) DEFAULT NULL,
  `nilai_po` bigint(20) DEFAULT NULL,
  `sa_date` varchar(255) DEFAULT NULL,
  `vendor` varchar(2000) DEFAULT NULL,
  `keterangan_pembayaran` varchar(2000) DEFAULT NULL,
  `penghematan` varchar(255) DEFAULT NULL,
  `proses_upload` varchar(255) DEFAULT NULL,
  `proses_pr` varchar(255) DEFAULT NULL
) ENGINE=InnoDB DEFAULT CHARSET=latin1;

--
-- Dumping data for table `purchase_request`
--

INSERT INTO `purchase_request` (`kapal`, `cost_center`, `status_part`, `cost_element`, `pr_number`, `pr_date`, `po_number`, `po_date`, `sa_number`, `tanggal`, `nilai`, `deskripsi`, `technical_superintendent`, `tgl_proses`, `requestor`, `cost_element_desc`, `FRL_MD_MM_2018`, `nilai_po`, `sa_date`, `vendor`, `keterangan_pembayaran`, `penghematan`, `proses_upload`, `proses_pr`) VALUES
('KASIM', 'A1404069', '', '6001014170', '300029279', '2017-11-16', '3900131175', '2017-11-16', '1000787548', NULL, 72513268, 'KALIBRASI FIX GAS DETECTOR', 'DWIYANTO PURNOMO', NULL, '', 'CE - DIVING & MARINE', '2018', 72000000, '', 'PT. CENTRADINDO UNITRAS', '1', NULL, NULL, NULL),
('PANDAN', 'A1404006', '', '6001014170', '300029515', '2017-11-23', 'RFQ', '0000-00-00', '1000657894', NULL, 103782331, 'PERBAIKAN PANEL AUX. ENGINE NO. 3 DISTANDARDKAN', 'WULAN PRASETYA', NULL, '', 'CE - DIVING & MARINE', '342/F30322/FRL/2017-S5, Tanggal 22 Juli 2017', 0, '', 'PT. CENTRADINDO UNITRAS', '1', NULL, NULL, NULL),
('PUNGUT', 'A1404024', 'OEM JAPAN', '6001014170', '550006556', '2017-11-24', '3900120503', '2017-11-24', '1000597206', NULL, 426668903, 'OVERHOUL AE NO. 1', 'ADI SURYANTO', NULL, 'TERMIN I', 'CE - DIVING & MARINE', '24.11.2017', 405000000, '', 'PT. SAMUDRA PERDANA MARITIM', '1', NULL, NULL, NULL),
('MEDITRAN', 'A1404055', 'ITEM 2 COM HANLA', '6001014170', '300029595', '2017-11-24', 'RFQ', '0000-00-00', '', NULL, 19673000, 'PENGGANTIAN SENSOR TRANSMITER SOUNDING GAUGE COT 2 KANAN', 'ADI SURYANTO', NULL, '', 'CE - DIVING & MARINE', '2018', 0, '', '', '', NULL, NULL, NULL),
('MELAHIN', 'A1404010', 'TENAGA EXPERT', '6001014170', '300029594', '2017-11-24', '', '0000-00-00', '', NULL, 37944400, 'REKONDISI CRANK SHAFT AUXILIARY ENGINE (EKS)', 'WULAN PRASETYA', NULL, '', 'CE - DIVING & MARINE', '2018', 0, '', '', '', NULL, NULL, NULL),
('SPOB PAGAI', '', '', '6001014170', '300029763', '2017-11-30', '3900121593', '2017-11-30', '', NULL, 39087500, 'SPOB PAGAI ', '', NULL, '', 'CE - DIVING & MARINE', '30.11.2017', 35000000, '', 'KJPPJOKO SURATNO', '', NULL, NULL, NULL),
('MANGUN JAYA', 'A1404007', 'OEM JAPAN', '6001014170', '550006619', '2017-12-04', '3900121040', '2017-12-14', '', NULL, 334550287, 'OVERHOUL CRANKSHAFT AE NO. 2 GRINDING', 'ADI SURYANTO', NULL, '', 'CE - DIVING & MARINE', '04.12.2017', 318211000, '', 'PT. YASINDO PURNAMA', '', NULL, NULL, NULL),
('MAUHAU', 'A1404057', '', '6001014170', '550006620', '2017-12-04', '3900121559', '2017-12-21', '1000600823', NULL, 183838980, 'SS COMMENCE DOCKING SURVEY, PROIP SHAFT1 SURVEY , CG ATS', 'WULAN PRASETYA', NULL, '', 'CE - DIVING & MARINE', '04.12.2017', 183838980, '', 'PT. NIPPON KAIJI KYOKAI', '1', NULL, NULL, NULL),
('PALUH TABUAN', 'A1404023', '', '6001014170', '300029941', '2017-12-05', '3900128635', '2017-12-05', '1000810312', NULL, 44560000, 'PENGGANTIAN NUT STUD CONNECTING ROD MAIN ENGINE', 'BAMBANG KURNIAWAN', NULL, '', 'CE - DIVING & MARINE', '2018', 43000000, '', 'PT. MUTIARA LAUT', '1', NULL, NULL, NULL),
('PALUH TABUAN', 'A1404023', 'JAMINAN KEASLIAN BARANG', '6001014170', '300029940', '2017-12-05', '3900144182', '2017-12-05', '1000805433', NULL, 36744500, 'PROVISION CRANE SEBELAH KANAN', 'BAMBANG KURNIAWAN', NULL, '', 'CE - DIVING & MARINE', '2018', 36000000, '', 'PT. MUTIARA LAUT', '1', NULL, NULL, NULL),
('PALUH TABUAN', 'A1404023', '', '6001014170', '300029923', '2017-12-05', 'RFQ', '0000-00-00', '', NULL, 49971231, 'PENGGANTIAN OIL THROW RING MAIN ENGINE ( OIL SEAL THRUST BEARING)', 'BAMBANG KURNIAWAN', NULL, '', 'CE - DIVING & MARINE', '2018', 0, '', '', '', NULL, NULL, NULL),
('PUNGUT', 'A1404024', 'JAMINAN KEASLIAN BARANG', '6001014170', '300029921', '2017-12-05', '3900153818', '2017-12-05', '1000831131', NULL, 132777555, 'AUTOMATION COMBUSTION CONTROL AUX BOILER', 'ADI SURYANTO', NULL, '', 'CE - DIVING & MARINE', '2018', 132000000, '', 'PT. SARI MANDA', '1', NULL, NULL, NULL),
('PANDAN', 'A1404006', '', '6001014170', '300030076', '2017-12-07', '3900121279', '2017-12-18', '', NULL, 196981850, 'RECHANGE BASIC COMPRESSOR AC ACCOMODATION', 'WULAN PRASETYA', NULL, '', 'CE - DIVING & MARINE', '470/F30322/FRL/2017-S5, Tgl. 01 November 2017', 196000000, '', 'PT. PATMA PANCER', '', NULL, NULL, NULL),
('MUNDU', 'A1404012', 'JAMINAN KEASLIAN BARANG DARI DISTRIBUTOR', '6001014170', '300030290', '2017-12-12', '', '0000-00-00', '', NULL, 44307528, 'PERBAIKAN SISTEM KONTROL & MONITORING COP, BALLAST, STRIPPER AND TANK CLEANING PUMP', 'DWIYANTO PURNOMO', NULL, 'delete pr', 'CE - DIVING & MARINE', '2018', 0, '', '', '', NULL, NULL, NULL),
('MUNDU', 'A1404012', 'TENAGA EXPERT DARI PIONEER', '6001014170', '300030269', '2017-12-12', '3900144199', '2017-12-12', '', NULL, 41414500, 'PEMASANGAN GEAR BOX ME', 'DWIYANTO PURNOMO', NULL, '', 'CE - DIVING & MARINE', '2018', 97000000, '', 'PT. PIONEER', '', NULL, NULL, NULL),
('MERBAU', 'A1404011', '', 'D80/17/B6-02S23', '550006732', '2017-12-18', '3900121591', '2017-12-21', '1000601743', NULL, 4536288759, 'ADDITIONAL DOCKING SURVEY', 'DWIYANTO PURNOMO', NULL, '', '', '2017', 4500000000, '', 'PT. WARUNA NUSA SENTANA', '1', NULL, NULL, NULL),
('PANDAN', 'A1404006', 'JAMINAN KEASLIAN BARANG', '6001014170', '300031312', '2018-01-10', '3900133993', '2018-01-10', '', NULL, 118970000, 'REPAIR HYDRAULIC MOTOR ANCHOR WINCH', 'WULAN PRASETYA', NULL, '', 'CE - DIVING & MARINE', '203/ F30322 / FRL / 2017 - S5 TANGGAL 04 APRIL 2017', 112000000, '', 'PT. DWIKARYA UNGGUL MANUNGGAL', '', NULL, NULL, NULL),
('PALUH TABUAN', 'A1404023', 'ENGINEER MAKER', '6001014170', '300031309', '2018-01-10', 'RFQ', '0000-00-00', '', NULL, 157378000, 'JASA OVERHOUL AE NO. 1', 'BAMBANG KURNIAWAN', NULL, '', 'CE - DIVING & MARINE', '2018', 0, '', '', '', NULL, NULL, NULL),
('MELAHIN', 'A1404010', '', '6001014170', '300031304', '2018-01-10', 'RFQ', '0000-00-00', '', NULL, 177647080, 'PERBAIKAN KERUSAKAN KOMPRESSOR AC AKOMODASI', 'WULAN PRASETYA', NULL, '', 'CE - DIVING & MARINE', '2018', 0, '', '', '', NULL, NULL, NULL),
('PELITA', 'A1404029', 'OEM JAPAN', '6001014170', '300031390', '2018-01-11', '3900133660', '2018-01-11', '', NULL, 150513830, 'PERBAIKAN AUXILIARY ENGINE NO. 2', 'ADI SURYANTO', NULL, '', 'CE - DIVING & MARINE', '299/F30322/MD/2017-S7, TGL. 19 Juni 2017', 115000000, '', 'PT. DWIKARYA UNGGUL MANUNGGAL', '', NULL, NULL, NULL),
('PALUH TABUAN', 'A1404023', 'REKONDISI', '6001014170', '300031359', '2018-01-10', '3900148802', '2018-01-10', '1000830539', NULL, 92220000, 'REKONDISI SP. MAIN ENGINE', 'BAMBANG KURNIAWAN', NULL, '', 'CE - DIVING & MARINE', '2018', 91500000, '', 'PT. MUTIARA LAUT', '1', NULL, NULL, NULL),
('PUNGUT', 'A1404024', '', '6001014170', '300031340', '2018-01-10', '', '0000-00-00', '', NULL, 1158861300, 'ADD. DOCKING SURVEY, FABRIKASI & REPAIRE POMPA, , PENGADAAN SEWAGE WATER TREATMENT PLAN', 'ADI SURYANTO', NULL, 'delete pr tanggal 28.03.2018', 'CE - DIVING & MARINE', '2018', 0, '', '', '', NULL, NULL, NULL),
('MAUHAU', 'A1404057', '', '6001014170', '300031955', '2018-01-24', 'RFQ', '0000-00-00', '', NULL, 149500000, 'PERBAIKAN GYRO COMPASS DAN PENGGANTIAN GYROSPHERE', 'WULAN PRASETYA', NULL, '', 'CE - DIVING & MARINE', '2018', 0, '', '', '', NULL, NULL, NULL),
('MENGGALA', 'A1404008', 'COM RIKEN KEIKI', '6001014170', '300031953', '2018-01-24', 'RFQ', '0000-00-00', '', NULL, 57901200, 'GAS DETECTOR', 'BAMBANG KURNIAWAN', NULL, '', 'CE - DIVING & MARINE', '2018', 0, '', '', '', NULL, NULL, NULL),
('PUNGUT', 'A1404024', '', '6001014170', '300032213', '2018-01-31', 'RFQ', '0000-00-00', '', NULL, 17777600, 'PERBAIKAN / CALIBRATION MONITORING RPM COP NO. 1, 2, 3 DAN BALLAST PUMP', 'ADI SURYANTO', NULL, '', 'CE - DIVING & MARINE', '2018', 0, '', '', '', NULL, NULL, NULL),
('MATINDOK', 'A1404056', 'COM ABB', '6001014170', '300032232', '2018-01-31', '', '0000-00-00', '', NULL, 103458357, 'MAIN ENGINE TURBO CHARGE OVERHOUL', 'BAMBANG KURNIAWAN', NULL, 'delete pr', 'CE - DIVING & MARINE', '2018', 0, '', '', '', NULL, NULL, NULL),
('PELITA', 'A1404029', '', '6001014170', '300032212', '2018-01-31', '3900138112', '2018-01-31', '1000810675', NULL, 175347010, 'SUPPLY DAN PASANG COMPRESSOR AC AKOMODASI DAN ALAT KELENGKAPANNYA', 'ADI SURYANTO', NULL, '', 'CE - DIVING & MARINE', '2018', 172000000, '', 'PT. AFALINDO PRATAMA', '1', NULL, NULL, NULL),
('MATINDOK', 'A1404056', 'TENAGA EKPERT PT PIONNER', '6001014170', '300032233', '2018-01-31', '3900138775', '2018-01-31', '1000765320', NULL, 282138000, 'MAIN ENGINE OVERHOUL', 'BAMBANG KURNIAWAN', NULL, '', 'CE - DIVING & MARINE', '2018', 267000000, '', 'PT. PIONEER', '1', NULL, NULL, NULL),
('MUNDU', 'A1404012', '', 'D80/17/B6-02S15', '550007040', '2018-02-09', '3900133594', '2018-02-12', '1000655416', NULL, 728430304, 'DOCKING REPAIR TERMIN III', 'DWIYANTO PURNOMO', NULL, '', '', '2018', 728430304, '', 'PT. DOK DAN PERKAPALAN SURABAYA', '1', NULL, NULL, NULL),
('MELAHIN', 'A1404010', '', '6001014170', '300032895', '2018-02-15', '3900133806', '2018-02-15', '1000683485', NULL, 86186739, 'PEMASANGAN JANGKAR SPARE KAPAL', 'WULAN PRASETYA', NULL, '', 'CE - DIVING & MARINE', '2018', 85000000, '', 'PT. PATMA PANCER (TL)', '1', NULL, NULL, NULL),
('MELAHIN', 'A1404010', '', '6001014170', '300032898', '2018-02-15', '3900138896', '2018-02-15', '', NULL, 51500000, 'JASA OVERHOUL AE NO. 1', 'WULAN PRASETYA', NULL, '', 'CE - DIVING & MARINE', '2018', 49700000, '', 'PT. PIONEER', '', NULL, NULL, NULL),
('MELAHIN', 'A1404010', '', 'D80/18/B6-02S19', '550007089', '2018-02-26', '3900138631', '2018-02-26', '1000741858', NULL, 7506611153, 'DOCKING SURVEY', 'WULAN PRASETYA', NULL, 'TERMIN I', '', '2018', 7490000000, '', 'PT. BATAMEC', '', NULL, NULL, NULL),
('MATINDOK', 'A1404056', '', 'D/18/B6-02S14', '550007130', '2018-02-26', '3900138663', '2018-02-26', '1000741850', NULL, 4188995137, 'DOCKING SURVEY', 'BAMBANG KURNIAWAN', NULL, 'TERMIN I', '', '2018', 3995000000, '', 'PT. DAYA RADAR UTAMA', '', NULL, NULL, NULL),
('KAKAP', 'A1404059', '', '6001014170', '300033342', '2018-03-05', '3900138086', '2018-03-07', '1000684994', NULL, 700780500, 'TANK CLEANING DAN DESLOPING', 'BAMBANG KURNIAWAN', NULL, '', 'CE - DIVING & MARINE', '512/F30322/FRL/2017-S5, Tgl. 06.12.2017', 680000000, '', 'PT. TIRTA MEGA NUSATARA', '', NULL, NULL, NULL),
('MANGUN JAYA', 'A1404007', 'JAMINAN KEASLIAN BARANG', '6001014170', '300033546', '2018-03-07', '3900139192', '2018-03-22', '1000737152', NULL, 304087928, 'OVERHAUL DAN CRANKSHAFT AE 3', 'ADI SURYANTO', NULL, '', 'CE - DIVING & MARINE', '2018', 339087928, '', 'PT. ARIYA KALIMUSADA (TL)', '1', NULL, NULL, NULL),
('MUNDU', 'A1404012', 'JAMINAN KEASLIAN BARANG', '6001014170', '300030269', '2017-12-12', '3900144199', '2017-12-12', '', NULL, 101500000, 'PEMASANGAN GEAR BOX ME', 'DWIYANTO PURNOMO', NULL, 'revisi PR tanggal 12.03.2018', 'CE - DIVING & MARINE', '2018', 97000000, '', 'PT. PIONEER', '', NULL, NULL, NULL),
('MINAS', 'A1404009', 'JAMINAN KEASLIAN BARANG', '6001014170', '300033692', '2018-03-13', '3900144183', '2018-03-13', '1000787571', NULL, 61915850, 'KAMPAS WINDLAS', 'BAMBANG KURNIAWAN', NULL, '', 'CE - DIVING & MARINE', '2018', 59000000, '', 'PT. MUTIARA LAUT', '1', NULL, NULL, NULL),
('MELAHIN', 'A1404010', 'FABRIKASI', '6001014170', '300033747', '2018-03-14', '3900148748', '2018-03-14', '1000765066', NULL, 83050446, 'FABRIKASI GS PUMP', 'WULAN PRASETYA', NULL, '', 'CE - DIVING & MARINE', '2018', 79000000, '', 'PT. DWIKARYA UNGGUL MANUNGGAL', '1', NULL, NULL, NULL),
('KAMOJANG', 'A1404052', 'ENGINEER WARTSIL', '6001014170', '300033903', '2018-03-20', '', '0000-00-00', '', NULL, 252938720, 'OVERHOUL MAIN ENGINE', 'ADI SURYANTO', NULL, 'Pak Ardan tgl. 22.05.2018', 'CE - DIVING & MARINE', '155/F30322/FRL/2018-S5 tanggal 13.03.2018', 0, '', '', 'delete', NULL, NULL, NULL),
('MERBAU', 'A1404011', '', 'D80/18/B6-02S110', '550007269', '2018-03-26', '3900149343', '2018-03-26', '1000810671', NULL, 7617371167, 'D/S - HULL & DECK DEPARTMENT', 'DWIYANTO PURNOMO', NULL, '', '', '170/F30322/FRL/2018-S5 tanggal 19.03.2018', 7528000000, '', 'PT. SAMUDRA MARINE INDONESIA', '1', NULL, NULL, NULL),
('PUNGUT', 'A1404024', '', 'D80/18/B6-02S15', '550007275', '2018-03-28', '', '0000-00-00', '', NULL, 1158861300, 'ADD D/S- HULL & DECK DEPARTMENT', 'ADI SURYANTO', NULL, 'Pak Ardan', '', '539/F30322/FRL/2017-S5 tanggal 27.12.2017', 0, '', '', 'delete pr tanggal 19.04.2018; di creat baru', NULL, NULL, NULL),
('MATINDOK', 'A1404056', 'COM ABB', 'D80/18/B6-02S14', '550007257', '2018-03-29', '3900139369', '2018-03-29', '1000766183', NULL, 912025726, 'MAIN ENGINE TURBO CHARGE OVERHOUL', 'BAMBANG KURNIAWAN', NULL, '', '', '02/F30322/FRL/2018-S5 tanggal 02.01.2018', 900000000, '', 'PT. DWIPUTRA PRANATA JAYA', '1', NULL, NULL, NULL),
('MELAHIN', 'A1404010', 'YANMAR', '6001014170', '300034134', '2018-03-27', '3900144071', '2018-03-27', '1000769063', NULL, 1139023057, 'GENERAL OVERHOUL AUX. ENGINE NO. 3', 'WULAN PRASETYA', NULL, '', 'CE - DIVING & MARINE', '138/F30322/FRL/2018-S7 tanggal 28.02.2018', 1095000000, '', 'PT. PATMA PANCER', '1', NULL, NULL, NULL),
('PANDAN', 'A1404006', '', '6001014170', '300034340', '2018-04-03', '3900163043', '2018-04-03', '', NULL, 37476812, 'KALIBRASI FUEL INJECTION PUMP AUX. ENGINE NO. 3', 'WULAN PRASETYA', NULL, '', 'CE - DIVING & MARINE', '124,125/F30322/FRL/2018-S5 TANGGAL 12 FEBRUARI 2018', 37000000, '', 'PT. PIONEER', '', NULL, NULL, NULL),
('PALUH TABUAN', 'A1404023', 'JAMINAN KEASLIAN BARANG', '6001014170', '300034420', '2018-04-04', '3900154318', '2018-04-04', '', NULL, 80067500, 'ANCHORE WINDLASS', 'BAMBANG KURNIAWAN', NULL, '', 'CE - DIVING & MARINE', '114/F30322/FRL/2018-S7 tanggal 07.02.2018', 76000000, '', 'PT. ACE GLOBAL TEKNINDO', '', NULL, NULL, NULL),
('PALUH TABUAN', 'A1404023', '', '6001014170', '300034403', '2018-04-04', '3900164642', '2018-04-04', '', NULL, 215530855, 'PENGGANTIAN PIPA - PIPA PEMADAM KEBAKARAN DI ATAS DECK', 'BAMBANG KURNIAWAN', NULL, 'revisi pr tanggal 08.08.2018', 'CE - DIVING & MARINE', '173/F30322/FRL/2018-S7 tanggal 20.03.2018', 213500000, '', 'PT. AQNIL PUTRA PRATAMA', '', NULL, NULL, NULL),
('KAMOJANG', 'A1404052', 'TENAGA EXPERT PIONNER', '6001014170', '300034566', '2018-04-09', '3900158423', '2018-04-09', '', NULL, 142600000, 'OVERHOUL AUX. ENGINE NO. 2 & 3', 'ADI SURYANTO', NULL, '', 'CE - DIVING & MARINE', '171/F30322/FRL/2018-S7 tanggal 20.03.2018', 136000000, '', 'PT. PIONEER', '', NULL, NULL, NULL),
('PALUH TABUAN', 'A1404023', 'JAMINAN KEASLIAN BARANG', '6001014170', '300034565', '2018-04-09', '3900153819', '2018-04-09', '1000810666', NULL, 212355000, 'PENGGANTIAN WALL TUBE WATER TUBE BOILER YANG BOCOR', 'BAMBANG KURNIAWAN', NULL, '', 'CE - DIVING & MARINE', '318/F30322/FRL/2017-S7 tanggal 12.07.2017', 205000000, '', 'PT. SARI MANDA', '1', NULL, NULL, NULL),
('MERBAU', 'A1404011', '', '6001014170', '300034568', '2018-04-09', '3900149320', '2018-04-09', '', NULL, 215631525, 'LO PURIFIER 1 UNIT REKONDISI', 'DWIYANTO PURNOMO', NULL, '', 'CE - DIVING & MARINE', '176/F30322/FRL/2018-S7 tanggal 22.03.2018', 206000000, '', 'PT. ARMADA LAUTAN TEKNIK', '', NULL, NULL, NULL),
('KAMOJANG', 'A1404052', 'COM WARTSILA', '6001014170', '300030552', '2017-12-20', '3900128799', '2017-12-20', '1000822801', NULL, 56420078, 'JASA REPAIR MAIN ENGINE CYLINDER NO. 1', 'ADI SURYANTO', NULL, '', 'CE - DIVING & MARINE', '2018', 53000000, '', 'PT. WARTSILA INDONESIA', '1', NULL, NULL, NULL),
('KASIM', 'A1404069', 'TENAGA EXPERT FROM PIONEER', '6001014170', '300024539', '2017-07-12', '3900138898', '2017-07-12', '1000809578', NULL, 215300000, 'OVERHAUL AUX. ENGINE NO. 1, 2 DAN 3', 'DWIYANTO PURNOMO', NULL, '', 'CE - DIVING & MARINE', '2018', 203000000, '', 'PT. PIONEER', '1', NULL, NULL, NULL),
('MERAUKE', 'A1404058', 'TENAGA EXPERT FROM PIONEER', '6001014170', '300024580', '2017-07-12', '3900139022', '2017-07-12', '1000809594', NULL, 226175000, 'OVERHAUL AUX. ENGINE NO. 1, 2 DAN 3', 'DWIYANTO PURNOMO', NULL, '', 'CE - DIVING & MARINE', '2018', 219000000, '', 'PT. PIONEER', '1', NULL, NULL, NULL),
('MELAHIN', 'A1404010', 'JAMINAN KEASLIAN BARANG DISTRIBUTOR', '6001014170', '300034812', '2018-04-06', 'RFQ', '0000-00-00', '', NULL, 68500000, 'MASTER UNIT SYSTEM OWS', 'WULAN PRASETYA', NULL, '', 'CE - DIVING & MARINE', '40/F30322/FRL/2018-S7 tanggal 11.01.2018', 0, '', '', '', NULL, NULL, NULL),
('MINAS', 'A1404009', 'JAMINAN KEASLIAN BARANG', '6001014170', '300034982', '2018-04-19', '3900157890', '2018-04-19', '', NULL, 129700000, 'OVERHOUL HYDRAULIC STAR WINDLASS', 'BAMBANG KURNIAWAN', NULL, '', 'CE - DIVING & MARINE', '175/F30322/FRL/2018-S7 tanggal 22.03.2018', 120000000, '', 'PT. ACE GLOBAL TEKNINDO', '', NULL, NULL, NULL),
('PUNGUT', 'A1404024', '', 'D80/18/B6-02S15', '550007427', '2018-04-19', '3900144420', '2018-04-25', '1000742540', NULL, 1158861300, 'ADD D/S- HULL & DECK DEPARTMENT', 'ADI SURYANTO', NULL, '', '', '539/F30322/FRL/2017-S5 tanggal 27.12.2017', 1148247250, '', 'PT. DAYA RADAR UTAMA', '1', NULL, NULL, NULL),
('PUNGUT', 'A1404024', 'JAMINAN KEASLIAN BARANG', '6001014170', '300032897', '2018-02-15', '3900141191', '2018-02-15', '1000763421', NULL, 94123988, 'PIPA DOWN COMER - BOILER', 'ADI SURYANTO', NULL, '', 'CE - DIVING & MARINE', '2018', 93000000, '', 'PT. SARI MANDA', '1', NULL, NULL, NULL),
('PUNGUT', 'A1404024', 'OEM JAPAN', '6001014170', '300035151', '2018-04-24', '3900149502', '2018-04-24', '', NULL, 747450000, 'OVERHAUL AE NO. 3 - SN6261730', 'ADI SURYANTO', NULL, 'split dua pr material dan service ', 'CE - DIVING & MARINE', '157/F30322/FRL/2018-S7 tanggal 14.03.2018', 660383282, '', 'PT. PATMA PANCER', '', NULL, NULL, NULL),
('MERAUKE', 'A1404058', 'COM ANSHUTZ', '6001014170', '300035600', '2018-05-07', '3900149469', '2018-05-28', '', NULL, 73970000, 'GYROCOMPASS', 'DWIYANTO PURNOMO', NULL, '', 'CE - DIVING & MARINE', '240/F30322/FRL/2018-S7 tanggal 07.05.2018', 72000000, '', 'PT. ALFA INTI DINAMIKA', '', NULL, NULL, NULL),
('PALUH TABUAN', 'A1404023', 'TENAGA EXPERT WITH EXPERIENCE DAIHATSU', '6001014170', '300035596', '2018-05-07', 'RFQ', '0000-00-00', '', NULL, 104600000, 'OVERHOUL COMPLETE AUX. ENGINE NO. 1', 'BAMBANG KURNIAWAN', NULL, '', 'CE - DIVING & MARINE', '206/F30322/FRL/2018-S7 tanggal 17.04.2018', 0, '', '', '', NULL, NULL, NULL),
('KAMOJANG', 'A1404052', 'TENAGA EXPERT WARTSILA', '6001014170', '300035950', '2018-05-16', '3900159153', '2018-05-16', '', NULL, 57000000, 'RR. TURBO CHARGER MAIN ENGINE', 'ADI SURYANTO', NULL, 'split dua pr material dan service ', 'CE - DIVING & MARINE', '232/F30322/FRL/2018-S7 tanggal 02.05.2018', 54000000, '', 'PT. WARTSILA INDONESIA', '', NULL, NULL, NULL),
('KAMOJANG', 'A1404052', 'ITEM 1 TENAGA EXPERT; ITEM 2 COM CARRIER; ITEM 3 S.D 8 JAMINAN KEASLIAN BARANG', '6001014170', '300036465', '2018-05-31', '3900158831', '2018-05-31', '', NULL, 185769800, 'AC CENTRAL NO. 1', 'ADI SURYANTO', NULL, '', 'CE - DIVING & MARINE', '258/F30322/FRL/2018-S7 tanggal 15.05.2018', 178000000, '', 'PT. CAHAYA MATUARI', '', NULL, NULL, NULL),
('PALUH TABUAN', 'A1404023', '', '6001014170', '300036735', '2018-06-07', '3900164650', '2018-06-07', '', NULL, 84612500, 'BRAKE LINING WINDLASS ANCHOR, MOORING & CARGO CRANE', 'BAMBANG KURNIAWAN', NULL, '', 'CE - DIVING & MARINE', '273/F30322/FRL/2018-S7 tanggal 15.05.2018', 84000000, '', 'PT. CAHAYA MATUARI', '', NULL, NULL, NULL),
('MENGGALA', 'A1404008', '', '6001014170', '300036795', '2018-06-08', '3900163259', '2018-06-08', '', NULL, 120410000, 'MAIN ENGINE OVERHOUL CYLINDER 1,2,3,4,5,6', 'BAMBANG KURNIAWAN', NULL, '', 'CE - DIVING & MARINE', '279/F30322/FRL/2018-S7 tanggal 18.05.2018', 118000000, '', 'PT. SAMUDERA PERDANA MARITIM', '', NULL, NULL, NULL),
('KASIM', 'A1404069', 'TENAGA EXPERT', '6001014170', '300037036', '2018-06-28', '3900164121', '2018-06-28', '', NULL, 145420400, 'OVERHOUL MAIN ENGINE', 'DWIYANTO PURNOMO', NULL, '', 'CE - DIVING & MARINE', '275/F30322/FRL/2018-S7 tanggal 16.05.2018', 140000000, '', 'PT. PATMA PANCER', '', NULL, NULL, NULL),
('PALUH TABUAN', 'A1404023', 'JAMINAN KEASLIAN BARANG', '6001014170', '300037037', '2018-06-28', 'RFQ', '0000-00-00', '', NULL, 186022000, 'SUPPLY DAN PASANG COMPRESSOR AC AKOMODASI DAN ALAT KELENGKAPANNYA', 'BAMBANG KURNIAWAN', NULL, '', 'CE - DIVING & MARINE', '244/F30322/FRL/2018-S7 tanggal 05.05.2018', 0, '', '', '', NULL, NULL, NULL),
('PEMATANG', 'A1404025', '1-3 COM SPERRY & MARINE', '6001014170', '300037087', '2018-06-29', '', '0000-00-00', '', NULL, 349502100, 'SPEED LOG', 'WULAN PRASETYA', NULL, 'DELETE', 'CE - DIVING & MARINE', '314/F30322/FRL/2018-S7 tanggal 04.06.2018', 0, '', '', '', NULL, NULL, NULL),
('MUNDU', 'A1404012', 'ITEM 1 TENAGA EXPERT; ITEM 2 COM FURUNO', '6001014170', '300037163', '2018-07-03', '3900159447', '2018-07-30', '', NULL, 41915994, 'TEKNIS PERBAIKAN RADAR 2 UNIT', 'DWIYANTO PURNOMO', NULL, '', 'CE - DIVING & MARINE', '256/F30322/FRL/2018-S7 tanggal 14.05.2018', 32000000, '', 'PT. CIPTA PRIMA ARYATAMA', '', NULL, NULL, NULL),
('MUSI', 'A1404054', 'TENAGA EXPERT', '6001014170', '300037162', '2018-07-03', 'RFQ', '0000-00-00', '', NULL, 34374000, 'REPAIRED OF OIL DISCHARGE MONITORING ( ODM ) SYSTEM)', 'WULAN PRASETYA', NULL, '', 'CE - DIVING & MARINE', '299/F30322/FRL/2018-S7 tanggal 30.05.2018', 0, '', '', '', NULL, NULL, NULL),
('MELAHIN', 'A1404010', '', 'D80/18/B6-02S19', '550007844', '2018-07-06', '3900164311', '2018-07-06', '', NULL, 658125000, 'ADDITIONAL DOCKING SURVEY D/S- HULL & DECK DEPARTMENT', 'WULAN PRASETYA', NULL, '', '', '323/F30322/FRL/2018-S7 tanggal 25.06.2018', 505000000, '', 'PT. BATAMEC', '', NULL, NULL, NULL),
('PEMATANG', 'A1404025', 'TENAGA EXPERT', '6001014170', '300037539', '2018-07-16', '3900164052', '2018-07-16', '', NULL, 61420000, 'JASA PEMASANGAN & INSTAL UNIT INSTALASI BNWAS & VDR', 'WULAN PRASETYA', NULL, '', 'CE - DIVING & MARINE', '212/F30322/FRL/2018-S7 tanggal 23.04.2018', 50000000, '', 'PT.CIPTA PRIMA ARYATAMA', '', NULL, NULL, NULL),
('PEMATANG', 'A1404025', 'ITEM 1 TENAGA EXPERT; ITEM 2 - 4 COM CROWCON; ITEM 5 JAMINAN KEASLIAN BARANG', '6001014170', '300037641', '2018-07-16', '3900159133', '2018-07-20', '1000830170', NULL, 167324000, 'FIX GAS DETECTOR PUMP ROOM', 'WULAN PRASETYA', NULL, '', 'CE - DIVING & MARINE', '290/F30322/FRL/2018-S7 tanggal 25.05.2018', 155000000, '', 'PT. SAMUDRA PERDANA MARITIM', '1', NULL, NULL, NULL),
('MATINDOK', 'A1404056', '', '6001014170', '300037651', '2018-07-16', 'RFQ', '0000-00-00', '', NULL, 75632189, 'ADDITIONAL DOCKING SURVEY', 'BAMBANG KURNIAWAN', NULL, '', 'CE - DIVING & MARINE', '216/F30322/FRL/2018-S7 tanggal 26.04.2018', 0, '', '', '', NULL, NULL, NULL),
('PALUH TABUAN', 'A1404023', '', '6001014170', '300037672', '2018-07-17', 'RFQ', '0000-00-00', '', NULL, 42547500, 'PERBAIKAN SISTEM KONTROL & MONITORING COP, BALLAST, STRIPPER AND TANK CLEANING PUMP', 'BAMBANG KURNIAWAN', NULL, '', 'CE - DIVING & MARINE', '348/F30322/FRL/2018-S7 tanggal 10.07.2018', 0, '', '', '', NULL, NULL, NULL),
('PELITA', 'A1404029', '', '6001014170', '300037673', '2018-07-17', '3900168637', '2018-07-17', '', NULL, 65109000, 'PERBAIKAN TEMPERATURE BEARING SENSOR FOR TURBIN COP AND BALLAST PUMP', 'ADI SURYANTO', NULL, '', 'CE - DIVING & MARINE', '288/F30322/FRL/2018-S7 tanggal 24.05.2018', 52000000, '', 'PT. SAMUDERA PERDANA MARITIM', '', NULL, NULL, NULL),
('MANGUN JAYA', 'A1404007', '', 'D80/18/B6-02S114', '550007947', '2018-07-24', '3900159285', '2018-07-25', '1000823248', NULL, 2819766240, 'D/S. HULL & DECK DEPARTMENT ', 'ADI SURYANTO', NULL, '', '', '', 2819766240, '', 'PT. DAYA RADAR UTAMA 5112455', '1', NULL, NULL, NULL),
('KAMOJANG', 'A1404052', 'COM WARTSILA', '6001014170', '300037906', '2018-07-25', 'RFQ', '0000-00-00', '', NULL, 245058269, 'OVERHOUL & GENERAK SERVIS GOVERNOR MAIN ENGINE', 'ADI SURYANTO', NULL, '', 'CE - DIVING & MARINE', '354/F30322/FRL/2018-S7 tanggal 10.07.2018', 0, '', '', '', NULL, NULL, NULL),
('MATINDOK', 'A1404056', 'JAMINAN KEASLIAN BARANG', '6001014170', '300037937', '2018-07-30', 'RFQ', '0000-00-00', '', NULL, 170550000, 'GAS DETECTION SYSTEM', 'BAMBANG KURNIAWAN', NULL, '', 'CE - DIVING & MARINE', '358/F30322/FRL/2018-S7 tanggal 10.07.2018', 0, '', '', '', NULL, NULL, NULL),
('PALUH TABUAN', 'A1404023', '', '6001014170', '300038069', '2018-08-03', 'RFQ', '0000-00-00', '', NULL, 42207975, 'REPLATING SHELL PLATE DI AREA BULBOS', 'BAMBANG KURNIAWAN', NULL, '', 'CE - DIVING & MARINE', '332/F30322/FRL/2018-S7 tanggal 26.06.2018', 0, '', '', '', NULL, NULL, NULL),
('PALUH TABUAN', 'A1404023', '', 'D80/18/B6-02S18', '550008022', '2018-08-07', 'RFQ', '0000-00-00', '', NULL, 7454809488, 'D/S HULL & DECK DEPARTMENT', 'BAMBANG KURNIAWAN', NULL, '', '', '372/F30322/FRL/2018-S7 tanggal 16.07.2018', 0, '', '', '', NULL, NULL, NULL),
('PALUH TABUAN', 'A1404023', '', '6001014170', '300038457', '2018-08-10', 'RFQ', '0000-00-00', '', NULL, 109375000, 'GENERAL SERVICES PADA TURBIN COP NO. 1', 'BAMBANG KURNIAWAN', NULL, '', 'CE - DIVING & MARINE', '244/F30322/FRL/2018-S7 tanggal 05.05.2018', 0, '', '', '', NULL, NULL, NULL),
('MENGGALA', 'A1404008', 'TENAGA EXPERT', '6001014170', '300038563', '2018-08-14', '', '0000-00-00', '', NULL, 199320000, 'OVERHOUL AUX. ENGINE NO. 1, 3 & OVERHOUL TURBO CHARGE AUX. ENGINE 1, 2 , 3 ', 'BAMBANG KURNIAWAN', NULL, '', 'CE - DIVING & MARINE', '282 & 276/F30322/FRL/2018-S7 tanggal 18.05.2018', 0, '', '', '', NULL, NULL, NULL),
('PANDAN', 'A1404006', 'JAMINAN KEASLIAN BARANG', '6001014170', '300038955', '2018-08-30', '', '0000-00-00', '', NULL, 227819000, 'PENGGANTIAN PIPA PENDINGIN AIR LAUT ', 'WULAN PRASETYA', NULL, '', 'CE - DIVING & MARINE', '386/F30322/FRL/2018-S7 tanggal 30.07.2018', 0, '', '', '', NULL, NULL, NULL),
('KASIM', 'A1404069', '', 'D80/18/B6-02S12', '550008213', '2018-09-07', '', '0000-00-00', '', NULL, 5002054376, 'DOCKING REPAIR ', 'DWIYANTO PURNOMO', NULL, '', '', '436/F30322/FRL/2018-S5 tanggal 05.09.2018', 0, '', '', '', NULL, NULL, NULL),
('MERAUKE', 'A1404058', '', 'D80/18/B6-02S16', '550008224', '2018-09-07', '', '0000-00-00', '', NULL, 4896107796, 'DOCKING REPAIR', 'DWIYANTO PURNOMO', NULL, '', '', '436/F30322/FRL/2018-S5 tanggal 05.09.2018', 0, '', '', '', NULL, NULL, NULL),
('PALUH TABUAN', 'A1404023', 'ITEM 1 & 8 TENAGA EXPERT; ITEM 2 S.D 7 & 9 S.D 21 COM ALAVA LAVAL ', '6001014170', '300037071', '2018-06-29', '', '0000-00-00', '', NULL, 776981100, 'PERBAIKAN LO PURIFIER 1,2 & FO PURIFIER 1 ,2', 'BAMBANG KURNIAWAN', NULL, 'pak Ardan', 'CE - DIVING & MARINE', '243/F30322/FRL/2018-S5 tanggal 18.05.2018', 0, '', 'delete pr', '', NULL, NULL, NULL),
('', '', '', '', '', '1970-01-01', '', '1970-01-01', '', NULL, 0, '', '', NULL, '', '', '', 0, '', '', '', NULL, NULL, NULL),
('', '', '', '', '', '1970-01-01', '', '1970-01-01', '', NULL, 0, '', '', NULL, '', '', '', 0, '', '', '', NULL, NULL, NULL),
('', '', '', '', '', '1970-01-01', '', '1970-01-01', '', NULL, 0, '', '', NULL, '', '', '', 0, '', '', '', NULL, NULL, NULL),
('', '', '', '', '', '1970-01-01', '', '1970-01-01', '', NULL, 0, '', '', NULL, '', '', '', 0, '', '', '', NULL, NULL, NULL),
('', '', '', '', '', '1970-01-01', '', '1970-01-01', '', NULL, 0, '', '', NULL, '', '', '', 0, '', '', '', NULL, NULL, NULL),
('', '', '', '', '', '1970-01-01', '', '1970-01-01', '', NULL, 0, '', '', NULL, '', '', '', 0, '', '', '', NULL, NULL, NULL),
('', '', '', '', '', '1970-01-01', '', '1970-01-01', '', NULL, 0, '', '', NULL, '', '', '', 0, '', '', '', NULL, NULL, NULL),
('', '', '', '', '', '1970-01-01', '', '1970-01-01', '', NULL, 0, '', '', NULL, '', '', '', 0, '', '', '', NULL, NULL, NULL),
('', '', '', '', '', '1970-01-01', '', '1970-01-01', '', NULL, 0, '', '', NULL, '', '', '', 0, '', '', '', NULL, NULL, NULL),
('', '', '', '', '', '1970-01-01', '', '1970-01-01', '', NULL, 0, '', '', NULL, '', '', '', 0, '', '', '', NULL, NULL, NULL),
('', '', '', '', '', '1970-01-01', '', '1970-01-01', '', NULL, 0, '', '', NULL, '', '', '', 0, '', '', '', NULL, NULL, NULL),
('', '', '', '', '', '1970-01-01', '', '1970-01-01', '', NULL, 0, '', '', NULL, '', '', '', 0, '', '', '', NULL, NULL, NULL),
('', '', '', '', '', '1970-01-01', '', '1970-01-01', '', NULL, 0, '', '', NULL, '', '', '', 0, '', '', '', NULL, NULL, NULL),
('', '', '', '', '', '1970-01-01', '', '1970-01-01', '', NULL, 0, '', '', NULL, '', '', '', 0, '', '', '', NULL, NULL, NULL),
('', '', '', '', '', '1970-01-01', '', '1970-01-01', '', NULL, 0, '', '', NULL, '', '', '', 0, '', '', '', NULL, NULL, NULL),
('', '', '', '', '', '1970-01-01', '', '1970-01-01', '', NULL, 0, '', '', NULL, '', '', '', 0, '', '', '', NULL, NULL, NULL),
('', '', '', '', '', '1970-01-01', '', '1970-01-01', '', NULL, 0, '', '', NULL, '', '', '', 0, '', '', '', NULL, NULL, NULL),
('', '', '', '', '', '1970-01-01', '', '1970-01-01', '', NULL, 0, '', '', NULL, '', '', '', 0, '', '', '', NULL, NULL, NULL);
COMMIT;

/*!40101 SET CHARACTER_SET_CLIENT=@OLD_CHARACTER_SET_CLIENT */;
/*!40101 SET CHARACTER_SET_RESULTS=@OLD_CHARACTER_SET_RESULTS */;
/*!40101 SET COLLATION_CONNECTION=@OLD_COLLATION_CONNECTION */;
